call_id,caller_id,caller_number,callee_id,callee_number,timestamp,duration_seconds,call_type,cell_tower_city
CDR00001,SUS0057,+91-9829223044,SUS0065,+91-9488896443,2026-08-21 06:57:30,1248,Voice,Kanpur
CDR00002,SUS0100,+91-9562446417,SUS0104,+91-9417001612,2026-08-03 21:52:15,353,SMS,Amritsar
CDR00003,SUS0146,+91-9969533218,SUS0021,+91-9807577342,2026-01-12 21:43:00,1594,Voice,Kanpur
CDR00004,SUS0126,+91-9609241268,SUS0095,+91-9235555899,2026-07-15 18:43:30,1277,Voice,Pune
CDR00005,SUS0135,+91-9219066986,SUS0021,+91-9807577342,2026-01-07 17:03:00,325,Data,Mumbai
CDR00006,SUS0030,+91-9907308348,SUS0110,+91-9963919401,2026-04-28 14:59:30,1461,SMS,Indore
CDR00007,SUS0053,+91-9679984033,SUS0136,+91-9158821683,2026-02-08 03:01:15,1423,Data,Lucknow
CDR00008,SUS0096,+91-9540211187,SUS0081,+91-9987588450,2026-02-12 01:09:15,1005,Data,Chandigarh
CDR00009,SUS0040,+91-9399147754,SUS0082,+91-9851333320,2026-07-21 23:25:00,773,SMS,Patna
CDR00010,SUS0139,+91-9534900128,SUS0113,+91-9426808977,2026-01-25 06:08:45,1162,SMS,Indore
CDR00011,SUS0071,+91-9587205269,SUS0137,+91-9288650860,2026-08-03 02:32:30,1523,Voice,Bhopal
CDR00012,SUS0072,+91-9893070706,SUS0012,+91-9739830322,2026-02-01 15:54:30,1607,SMS,Pune
CDR00013,SUS0098,+91-9138546365,SUS0066,+91-9677858758,2026-01-03 04:46:15,652,Voice,Ahmedabad
CDR00014,SUS0064,+91-9810303128,SUS0081,+91-9987588450,2026-03-09 14:14:15,1587,SMS,Ranchi
CDR00015,SUS0054,+91-9600282414,SUS0040,+91-9399147754,2026-04-04 04:22:30,758,Voice,Ranchi
CDR00016,SUS0127,+91-9729712082,SUS0108,+91-9679184667,2026-03-22 01:41:00,1607,Voice,Ahmedabad
CDR00017,SUS0028,+91-9711684318,SUS0108,+91-9679184667,2026-04-20 10:57:30,1381,Voice,Nagpur
CDR00018,SUS0129,+91-9340781088,SUS0121,+91-9337887233,2026-03-25 19:12:00,1292,Data,Indore
CDR00019,SUS0026,+91-9418587604,SUS0051,+91-9688273030,2026-03-10 11:23:30,1407,Voice,Jaipur
CDR00020,SUS0104,+91-9417001612,SUS0115,+91-9497853519,2026-04-07 01:02:00,1646,Voice,Indore
CDR00021,SUS0137,+91-9288650860,SUS0027,+91-9670292350,2026-04-22 22:36:45,1258,Voice,Pune
CDR00022,SUS0048,+91-9925159146,SUS0050,+91-9960514523,2026-08-06 22:03:30,212,Voice,Delhi
CDR00023,SUS0024,+91-9909134796,SUS0069,+91-9536398872,2026-04-02 05:21:30,1544,Voice,Bhopal
CDR00024,SUS0086,+91-9437710224,SUS0049,+91-9926830795,2026-03-20 03:18:15,1544,Voice,Jaipur
CDR00025,SUS0150,+91-9804433388,SUS0149,+91-9877103091,2026-08-07 17:39:00,482,Voice,Nagpur
CDR00026,SUS0009,+91-9326541099,SUS0087,+91-9301415220,2026-04-16 15:56:45,1605,Voice,Mumbai
CDR00027,SUS0140,+91-9529979713,SUS0037,+91-9701170349,2026-08-27 22:08:00,1132,Voice,Pune
CDR00028,SUS0054,+91-9600282414,SUS0120,+91-9156263020,2026-01-24 19:10:00,1453,Data,Indore
CDR00029,SUS0031,+91-9173864104,SUS0040,+91-9399147754,2026-01-03 17:45:15,1739,Data,Pune
CDR00030,SUS0073,+91-9115191689,SUS0094,+91-9899621068,2026-04-01 13:20:45,1537,Voice,Delhi
CDR00031,SUS0107,+91-9135824891,SUS0126,+91-9609241268,2026-03-22 22:21:15,1703,Data,Surat
CDR00032,SUS0148,+91-9403754671,SUS0069,+91-9536398872,2026-03-02 20:29:00,293,Voice,Ahmedabad
CDR00033,SUS0076,+91-9704344408,SUS0095,+91-9235555899,2026-03-17 16:43:45,167,SMS,Amritsar
CDR00034,SUS0099,+91-9855797020,SUS0124,+91-9853529912,2026-01-05 23:28:00,311,SMS,Chandigarh
CDR00035,SUS0116,+91-9396225446,SUS0067,+91-9584044963,2026-08-18 09:30:15,579,Voice,Indore
CDR00036,SUS0149,+91-9877103091,SUS0116,+91-9396225446,2026-06-23 01:26:15,1419,Voice,Delhi
CDR00037,SUS0137,+91-9288650860,SUS0043,+91-9175133802,2026-06-16 06:28:15,768,Voice,Pune
CDR00038,SUS0061,+91-9608482316,SUS0011,+91-9197613238,2026-02-07 03:44:45,330,Data,Amritsar
CDR00039,SUS0143,+91-9706118438,SUS0092,+91-9722687986,2026-02-02 22:21:30,1698,Voice,Chandigarh
CDR00040,SUS0150,+91-9804433388,SUS0058,+91-9811890569,2026-02-22 16:51:15,847,Data,Kanpur
CDR00041,SUS0145,+91-9408246619,SUS0121,+91-9337887233,2026-04-12 11:04:30,1229,Data,Ranchi
CDR00042,SUS0103,+91-9590523712,SUS0029,+91-9319321646,2026-07-08 19:15:00,379,SMS,Lucknow
CDR00043,SUS0011,+91-9197613238,SUS0073,+91-9115191689,2026-03-28 22:25:00,1507,SMS,Amritsar
CDR00044,SUS0137,+91-9288650860,SUS0140,+91-9529979713,2026-05-01 00:46:15,1129,Data,Surat
CDR00045,SUS0117,+91-9458102728,SUS0129,+91-9340781088,2026-08-07 04:21:00,256,Voice,Patna
CDR00046,SUS0115,+91-9497853519,SUS0063,+91-9841541582,2026-01-14 04:46:00,103,Data,Amritsar
CDR00047,SUS0144,+91-9955052486,SUS0085,+91-9212313264,2026-07-04 00:29:00,32,Voice,Lucknow
CDR00048,SUS0100,+91-9562446417,SUS0034,+91-9554811020,2026-04-10 18:57:45,778,SMS,Ranchi
CDR00049,SUS0116,+91-9396225446,SUS0093,+91-9445505799,2026-02-17 19:23:45,699,Voice,Patna
CDR00050,SUS0054,+91-9600282414,SUS0022,+91-9881913386,2026-05-12 02:00:00,1201,Voice,Kanpur
CDR00051,SUS0038,+91-9126614158,SUS0119,+91-9218032515,2026-06-02 18:49:30,736,Voice,Lucknow
CDR00052,SUS0127,+91-9729712082,SUS0045,+91-9995205588,2026-06-02 18:40:30,1229,Voice,Ahmedabad
CDR00053,SUS0030,+91-9907308348,SUS0012,+91-9739830322,2026-04-25 20:56:45,1427,SMS,Bhopal
CDR00054,SUS0040,+91-9399147754,SUS0031,+91-9173864104,2026-08-04 17:48:30,105,Data,Ahmedabad
CDR00055,SUS0070,+91-9361246928,SUS0024,+91-9909134796,2026-01-03 08:29:00,71,SMS,Bhopal
CDR00056,SUS0034,+91-9554811020,SUS0053,+91-9679984033,2026-04-12 08:18:45,274,SMS,Amritsar
CDR00057,SUS0127,+91-9729712082,SUS0066,+91-9677858758,2026-07-16 20:04:30,405,Voice,Jaipur
CDR00058,SUS0054,+91-9600282414,SUS0006,+91-9208449460,2026-08-25 06:44:00,1075,Voice,Nagpur
CDR00059,SUS0122,+91-9531233244,SUS0133,+91-9874807770,2026-03-23 10:10:15,760,SMS,Bhopal
CDR00060,SUS0145,+91-9408246619,SUS0007,+91-9833953718,2026-06-13 07:41:00,955,Voice,Lucknow
CDR00061,SUS0043,+91-9175133802,SUS0080,+91-9350636897,2026-03-08 15:44:00,1375,SMS,Delhi
CDR00062,SUS0045,+91-9995205588,SUS0132,+91-9895609471,2026-04-06 18:43:15,176,Voice,Lucknow
CDR00063,SUS0039,+91-9141580226,SUS0126,+91-9609241268,2026-03-13 12:49:45,1671,Voice,Jaipur
CDR00064,SUS0054,+91-9600282414,SUS0011,+91-9197613238,2026-07-01 02:12:45,199,Voice,Chandigarh
CDR00065,SUS0075,+91-9612957813,SUS0012,+91-9739830322,2026-06-21 05:57:45,694,SMS,Ranchi
CDR00066,SUS0071,+91-9587205269,SUS0004,+91-9469319644,2026-03-28 04:35:30,1692,SMS,Bhopal
CDR00067,SUS0049,+91-9926830795,SUS0056,+91-9888807316,2026-07-01 20:53:15,1292,Voice,Kanpur
CDR00068,SUS0049,+91-9926830795,SUS0063,+91-9841541582,2026-06-12 23:27:00,1041,Voice,Patna
CDR00069,SUS0025,+91-9519212169,SUS0133,+91-9874807770,2026-02-28 04:40:45,1737,Voice,Surat
CDR00070,SUS0059,+91-9450948014,SUS0070,+91-9361246928,2026-04-13 15:28:00,1591,Voice,Ranchi
CDR00071,SUS0115,+91-9497853519,SUS0047,+91-9906528433,2026-01-02 09:55:15,1275,Voice,Ranchi
CDR00072,SUS0040,+91-9399147754,SUS0029,+91-9319321646,2026-02-15 16:10:00,1315,Voice,Surat
CDR00073,SUS0098,+91-9138546365,SUS0105,+91-9900122509,2026-03-01 20:47:30,527,SMS,Delhi
CDR00074,SUS0088,+91-9570423569,SUS0070,+91-9361246928,2026-05-23 04:52:00,723,Voice,Pune
CDR00075,SUS0054,+91-9600282414,SUS0061,+91-9608482316,2026-01-19 12:12:45,1479,Voice,Delhi
CDR00076,SUS0034,+91-9554811020,SUS0092,+91-9722687986,2026-07-08 06:25:15,683,Data,Surat
CDR00077,SUS0050,+91-9960514523,SUS0012,+91-9739830322,2026-01-22 11:04:15,1767,Voice,Bhopal
CDR00078,SUS0064,+91-9810303128,SUS0081,+91-9987588450,2026-07-05 20:13:15,84,Voice,Nagpur
CDR00079,SUS0129,+91-9340781088,SUS0029,+91-9319321646,2026-02-02 17:29:30,868,Voice,Chandigarh
CDR00080,SUS0079,+91-9583724666,SUS0030,+91-9907308348,2026-07-10 18:16:00,806,SMS,Lucknow
CDR00081,SUS0074,+91-9908304440,SUS0017,+91-9751325257,2026-04-20 23:04:15,62,Voice,Ranchi
CDR00082,SUS0104,+91-9417001612,SUS0139,+91-9534900128,2026-03-15 22:54:45,104,Voice,Surat
CDR00083,SUS0060,+91-9475767056,SUS0099,+91-9855797020,2026-08-25 02:31:30,676,SMS,Mumbai
CDR00084,SUS0138,+91-9896760809,SUS0143,+91-9706118438,2026-05-18 09:21:00,847,Voice,Ahmedabad
CDR00085,SUS0110,+91-9963919401,SUS0030,+91-9907308348,2026-01-14 12:26:00,803,Voice,Chandigarh
CDR00086,SUS0133,+91-9874807770,SUS0063,+91-9841541582,2026-03-16 16:25:45,1290,Voice,Pune
CDR00087,SUS0138,+91-9896760809,SUS0010,+91-9899925830,2026-08-22 13:25:45,87,Voice,Ranchi
CDR00088,SUS0034,+91-9554811020,SUS0053,+91-9679984033,2026-07-03 14:22:15,372,SMS,Ranchi
CDR00089,SUS0038,+91-9126614158,SUS0115,+91-9497853519,2026-07-25 22:36:45,723,Voice,Delhi
CDR00090,SUS0095,+91-9235555899,SUS0030,+91-9907308348,2026-01-17 12:19:00,1613,Voice,Pune
CDR00091,SUS0029,+91-9319321646,SUS0078,+91-9323110563,2026-07-22 01:46:45,1402,SMS,Pune
CDR00092,SUS0023,+91-9596743109,SUS0096,+91-9540211187,2026-02-02 23:58:00,1774,Voice,Delhi
CDR00093,SUS0010,+91-9899925830,SUS0022,+91-9881913386,2026-07-16 03:29:30,1479,Data,Amritsar
CDR00094,SUS0100,+91-9562446417,SUS0027,+91-9670292350,2026-03-19 07:36:45,929,Data,Mumbai
CDR00095,SUS0030,+91-9907308348,SUS0012,+91-9739830322,2026-06-22 16:29:45,956,Data,Bhopal
CDR00096,SUS0136,+91-9158821683,SUS0026,+91-9418587604,2026-03-13 11:04:15,1443,Data,Jaipur
CDR00097,SUS0132,+91-9895609471,SUS0119,+91-9218032515,2026-04-15 00:25:15,329,Data,Ahmedabad
CDR00098,SUS0051,+91-9688273030,SUS0053,+91-9679984033,2026-03-01 05:49:45,19,SMS,Nagpur
CDR00099,SUS0055,+91-9922050912,SUS0078,+91-9323110563,2026-02-20 00:36:00,794,Voice,Kanpur
CDR00100,SUS0109,+91-9463692735,SUS0145,+91-9408246619,2026-06-17 04:59:45,343,SMS,Indore
CDR00101,SUS0076,+91-9704344408,SUS0035,+91-9559225330,2026-01-08 21:59:45,1382,Voice,Bhopal
CDR00102,SUS0060,+91-9475767056,SUS0030,+91-9907308348,2026-03-21 04:04:30,1412,Data,Lucknow
CDR00103,SUS0089,+91-9221827951,SUS0042,+91-9649136331,2026-01-18 07:07:30,625,Data,Pune
CDR00104,SUS0145,+91-9408246619,SUS0077,+91-9508427798,2026-07-01 16:32:30,512,Voice,Amritsar
CDR00105,SUS0090,+91-9618079974,SUS0045,+91-9995205588,2026-03-06 05:02:30,1212,Voice,Jaipur
CDR00106,SUS0033,+91-9749431082,SUS0038,+91-9126614158,2026-01-01 04:26:30,298,Data,Jaipur
CDR00107,SUS0027,+91-9670292350,SUS0071,+91-9587205269,2026-02-01 21:37:00,1192,SMS,Ranchi
CDR00108,SUS0044,+91-9848621833,SUS0034,+91-9554811020,2026-08-05 14:03:45,1718,Voice,Kanpur
CDR00109,SUS0093,+91-9445505799,SUS0062,+91-9275842194,2026-02-11 04:19:30,1287,Voice,Indore
CDR00110,SUS0013,+91-9566825638,SUS0023,+91-9596743109,2026-02-14 10:11:15,150,Data,Mumbai
CDR00111,SUS0150,+91-9804433388,SUS0091,+91-9396618390,2026-03-12 11:35:45,1357,SMS,Indore
CDR00112,SUS0009,+91-9326541099,SUS0088,+91-9570423569,2026-04-26 08:53:30,1062,Data,Indore
CDR00113,SUS0011,+91-9197613238,SUS0001,+91-9826600539,2026-06-05 20:25:15,429,Data,Nagpur
CDR00114,SUS0063,+91-9841541582,SUS0055,+91-9922050912,2026-03-08 14:20:30,978,SMS,Bhopal
CDR00115,SUS0052,+91-9659741412,SUS0054,+91-9600282414,2026-01-03 19:24:15,84,Data,Mumbai
CDR00116,SUS0118,+91-9350180427,SUS0089,+91-9221827951,2026-01-11 11:58:30,1215,Voice,Nagpur
CDR00117,SUS0046,+91-9952266893,SUS0139,+91-9534900128,2026-05-11 21:25:45,1502,Voice,Nagpur
CDR00118,SUS0105,+91-9900122509,SUS0148,+91-9403754671,2026-06-22 07:48:30,1769,SMS,Amritsar
CDR00119,SUS0123,+91-9395296179,SUS0062,+91-9275842194,2026-08-17 12:28:15,1177,Voice,Mumbai
CDR00120,SUS0081,+91-9987588450,SUS0124,+91-9853529912,2026-02-22 16:49:15,1711,Voice,Chandigarh
CDR00121,SUS0088,+91-9570423569,SUS0048,+91-9925159146,2026-07-03 09:09:30,171,SMS,Delhi
CDR00122,SUS0126,+91-9609241268,SUS0095,+91-9235555899,2026-07-08 00:56:30,452,SMS,Indore
CDR00123,SUS0133,+91-9874807770,SUS0063,+91-9841541582,2026-03-01 14:07:15,105,Data,Indore
CDR00124,SUS0144,+91-9955052486,SUS0142,+91-9374843786,2026-07-23 15:17:30,339,Voice,Nagpur
CDR00125,SUS0112,+91-9337691219,SUS0125,+91-9586940738,2026-03-04 17:01:00,824,SMS,Jaipur
CDR00126,SUS0055,+91-9922050912,SUS0078,+91-9323110563,2026-07-12 19:04:00,943,Data,Bhopal
CDR00127,SUS0004,+91-9469319644,SUS0093,+91-9445505799,2026-02-22 11:23:00,723,Data,Indore
CDR00128,SUS0128,+91-9874233009,SUS0114,+91-9880179899,2026-03-17 13:08:45,246,Voice,Nagpur
CDR00129,SUS0132,+91-9895609471,SUS0017,+91-9751325257,2026-04-26 12:33:30,814,Voice,Surat
CDR00130,SUS0085,+91-9212313264,SUS0042,+91-9649136331,2026-04-09 05:33:00,1710,Voice,Surat
CDR00131,SUS0087,+91-9301415220,SUS0117,+91-9458102728,2026-02-22 20:26:00,1320,Data,Kanpur
CDR00132,SUS0126,+91-9609241268,SUS0018,+91-9584779555,2026-05-07 09:44:00,931,SMS,Patna
CDR00133,SUS0046,+91-9952266893,SUS0064,+91-9810303128,2026-02-28 21:42:00,828,SMS,Jaipur
CDR00134,SUS0029,+91-9319321646,SUS0149,+91-9877103091,2026-03-08 10:35:00,196,Voice,Surat
CDR00135,SUS0150,+91-9804433388,SUS0091,+91-9396618390,2026-06-05 23:32:15,1581,SMS,Pune
CDR00136,SUS0146,+91-9969533218,SUS0050,+91-9960514523,2026-03-13 10:33:00,163,Voice,Ahmedabad
CDR00137,SUS0053,+91-9679984033,SUS0035,+91-9559225330,2026-01-11 07:41:00,1072,Voice,Pune
CDR00138,SUS0122,+91-9531233244,SUS0018,+91-9584779555,2026-06-06 01:11:30,1646,SMS,Kanpur
CDR00139,SUS0017,+91-9751325257,SUS0074,+91-9908304440,2026-01-23 16:46:45,1351,Voice,Indore
CDR00140,SUS0111,+91-9821920438,SUS0089,+91-9221827951,2026-06-16 05:07:00,475,Voice,Patna
CDR00141,SUS0045,+91-9995205588,SUS0127,+91-9729712082,2026-02-15 09:15:30,410,Voice,Ahmedabad
CDR00142,SUS0093,+91-9445505799,SUS0141,+91-9222435172,2026-05-07 08:50:45,1531,Voice,Nagpur
CDR00143,SUS0116,+91-9396225446,SUS0146,+91-9969533218,2026-03-10 06:16:15,1192,Voice,Patna
CDR00144,SUS0043,+91-9175133802,SUS0026,+91-9418587604,2026-03-08 22:22:45,48,Voice,Jaipur
CDR00145,SUS0141,+91-9222435172,SUS0016,+91-9621828280,2026-05-10 11:01:30,748,Voice,Mumbai
CDR00146,SUS0014,+91-9420452650,SUS0132,+91-9895609471,2026-02-03 06:45:45,38,Data,Delhi
CDR00147,SUS0082,+91-9851333320,SUS0130,+91-9924024405,2026-08-24 11:46:00,275,Data,Bhopal
CDR00148,SUS0132,+91-9895609471,SUS0079,+91-9583724666,2026-06-17 02:44:15,385,Data,Mumbai
CDR00149,SUS0085,+91-9212313264,SUS0046,+91-9952266893,2026-08-01 20:45:30,594,Voice,Bhopal
CDR00150,SUS0054,+91-9600282414,SUS0016,+91-9621828280,2026-05-05 10:59:15,816,Data,Indore
CDR00151,SUS0111,+91-9821920438,SUS0041,+91-9223847257,2026-07-20 03:58:45,1693,SMS,Chandigarh
CDR00152,SUS0093,+91-9445505799,SUS0062,+91-9275842194,2026-02-11 01:56:15,946,Voice,Lucknow
CDR00153,SUS0006,+91-9208449460,SUS0005,+91-9764130526,2026-05-22 14:22:00,1554,Voice,Jaipur
CDR00154,SUS0061,+91-9608482316,SUS0123,+91-9395296179,2026-02-03 17:17:15,1178,Voice,Pune
CDR00155,SUS0126,+91-9609241268,SUS0012,+91-9739830322,2026-01-09 03:13:00,1643,Voice,Bhopal
CDR00156,SUS0103,+91-9590523712,SUS0150,+91-9804433388,2026-01-03 01:11:15,530,Voice,Ahmedabad
CDR00157,SUS0124,+91-9853529912,SUS0038,+91-9126614158,2026-08-27 04:47:15,923,Data,Ahmedabad
CDR00158,SUS0145,+91-9408246619,SUS0046,+91-9952266893,2026-05-17 17:39:00,233,Data,Ranchi
CDR00159,SUS0067,+91-9584044963,SUS0056,+91-9888807316,2026-08-02 07:26:00,1782,Voice,Surat
CDR00160,SUS0144,+91-9955052486,SUS0058,+91-9811890569,2026-01-27 15:40:00,372,SMS,Bhopal
CDR00161,SUS0100,+91-9562446417,SUS0007,+91-9833953718,2026-05-11 12:57:00,1064,Voice,Lucknow
CDR00162,SUS0039,+91-9141580226,SUS0082,+91-9851333320,2026-04-02 13:12:00,1557,Voice,Ranchi
CDR00163,SUS0137,+91-9288650860,SUS0027,+91-9670292350,2026-08-02 23:44:30,1017,Data,Pune
CDR00164,SUS0074,+91-9908304440,SUS0063,+91-9841541582,2026-04-28 14:29:00,998,Data,Jaipur
CDR00165,SUS0006,+91-9208449460,SUS0054,+91-9600282414,2026-03-17 11:21:00,895,Voice,Surat
CDR00166,SUS0147,+91-9190547712,SUS0009,+91-9326541099,2026-08-15 11:35:30,1260,SMS,Ranchi
CDR00167,SUS0043,+91-9175133802,SUS0080,+91-9350636897,2026-06-15 14:31:30,468,Voice,Nagpur
CDR00168,SUS0110,+91-9963919401,SUS0112,+91-9337691219,2026-04-17 02:12:00,48,SMS,Ranchi
CDR00169,SUS0032,+91-9695499669,SUS0085,+91-9212313264,2026-06-20 21:10:30,1740,Voice,Amritsar
CDR00170,SUS0094,+91-9899621068,SUS0054,+91-9600282414,2026-07-16 04:58:45,1692,Voice,Ahmedabad
CDR00171,SUS0001,+91-9826600539,SUS0058,+91-9811890569,2026-04-06 14:33:00,1196,Voice,Bhopal
CDR00172,SUS0018,+91-9584779555,SUS0015,+91-9624636385,2026-04-16 07:59:15,994,Voice,Ranchi
CDR00173,SUS0079,+91-9583724666,SUS0027,+91-9670292350,2026-06-18 19:06:30,358,SMS,Ahmedabad
CDR00174,SUS0122,+91-9531233244,SUS0131,+91-9393421844,2026-04-14 14:24:15,215,Voice,Amritsar
CDR00175,SUS0123,+91-9395296179,SUS0072,+91-9893070706,2026-08-25 21:53:00,126,Voice,Indore
CDR00176,SUS0068,+91-9480990401,SUS0145,+91-9408246619,2026-08-21 17:29:45,347,Data,Chandigarh
CDR00177,SUS0087,+91-9301415220,SUS0059,+91-9450948014,2026-01-01 05:40:45,788,Data,Pune
CDR00178,SUS0060,+91-9475767056,SUS0072,+91-9893070706,2026-06-15 15:53:15,101,SMS,Delhi
CDR00179,SUS0068,+91-9480990401,SUS0011,+91-9197613238,2026-01-02 00:32:00,598,SMS,Lucknow
CDR00180,SUS0088,+91-9570423569,SUS0050,+91-9960514523,2026-02-14 17:14:15,115,SMS,Delhi
CDR00181,SUS0061,+91-9608482316,SUS0123,+91-9395296179,2026-06-09 05:08:30,232,Voice,Mumbai
CDR00182,SUS0072,+91-9893070706,SUS0092,+91-9722687986,2026-06-20 14:58:30,16,Voice,Jaipur
CDR00183,SUS0088,+91-9570423569,SUS0082,+91-9851333320,2026-02-03 08:59:15,23,Voice,Mumbai
CDR00184,SUS0108,+91-9679184667,SUS0080,+91-9350636897,2026-01-13 18:57:30,1600,Data,Jaipur
CDR00185,SUS0119,+91-9218032515,SUS0053,+91-9679984033,2026-07-19 11:17:15,923,Voice,Surat
CDR00186,SUS0146,+91-9969533218,SUS0085,+91-9212313264,2026-03-28 09:50:30,454,SMS,Surat
CDR00187,SUS0145,+91-9408246619,SUS0077,+91-9508427798,2026-01-21 23:19:00,525,SMS,Patna
CDR00188,SUS0050,+91-9960514523,SUS0096,+91-9540211187,2026-01-04 20:33:45,1773,Voice,Chandigarh
CDR00189,SUS0006,+91-9208449460,SUS0039,+91-9141580226,2026-02-19 18:57:15,646,SMS,Pune
CDR00190,SUS0070,+91-9361246928,SUS0050,+91-9960514523,2026-01-03 07:35:45,487,Voice,Patna
CDR00191,SUS0014,+91-9420452650,SUS0038,+91-9126614158,2026-05-06 12:40:15,1535,SMS,Ranchi
CDR00192,SUS0001,+91-9826600539,SUS0089,+91-9221827951,2026-02-07 05:16:30,37,Voice,Pune
CDR00193,SUS0011,+91-9197613238,SUS0008,+91-9787194506,2026-08-04 12:22:30,296,Voice,Lucknow
CDR00194,SUS0001,+91-9826600539,SUS0085,+91-9212313264,2026-05-10 11:29:00,1290,SMS,Jaipur
CDR00195,SUS0093,+91-9445505799,SUS0006,+91-9208449460,2026-08-22 19:27:00,1140,SMS,Chandigarh
CDR00196,SUS0137,+91-9288650860,SUS0007,+91-9833953718,2026-08-12 23:27:30,1752,Data,Patna
CDR00197,SUS0003,+91-9271432881,SUS0109,+91-9463692735,2026-02-09 04:19:15,806,Voice,Nagpur
CDR00198,SUS0146,+91-9969533218,SUS0114,+91-9880179899,2026-05-01 16:50:15,1045,Voice,Jaipur
CDR00199,SUS0043,+91-9175133802,SUS0126,+91-9609241268,2026-02-25 17:28:00,1072,Voice,Mumbai
CDR00200,SUS0026,+91-9418587604,SUS0082,+91-9851333320,2026-08-13 19:15:15,755,SMS,Nagpur
CDR00201,SUS0040,+91-9399147754,SUS0092,+91-9722687986,2026-08-06 04:46:15,1208,Voice,Delhi
CDR00202,SUS0114,+91-9880179899,SUS0145,+91-9408246619,2026-02-08 14:39:00,597,Voice,Indore
CDR00203,SUS0033,+91-9749431082,SUS0001,+91-9826600539,2026-03-16 13:52:45,1102,Voice,Lucknow
CDR00204,SUS0054,+91-9600282414,SUS0031,+91-9173864104,2026-06-09 00:40:00,697,SMS,Bhopal
CDR00205,SUS0135,+91-9219066986,SUS0011,+91-9197613238,2026-04-02 05:45:45,1647,Voice,Surat
CDR00206,SUS0141,+91-9222435172,SUS0023,+91-9596743109,2026-03-13 10:00:45,831,Voice,Ahmedabad
CDR00207,SUS0108,+91-9679184667,SUS0043,+91-9175133802,2026-07-21 18:59:00,1506,Voice,Delhi
CDR00208,SUS0070,+91-9361246928,SUS0147,+91-9190547712,2026-02-11 02:07:15,983,Voice,Mumbai
CDR00209,SUS0102,+91-9599561877,SUS0032,+91-9695499669,2026-08-16 01:05:45,638,SMS,Lucknow
CDR00210,SUS0070,+91-9361246928,SUS0088,+91-9570423569,2026-05-15 11:35:30,52,Data,Amritsar
CDR00211,SUS0123,+91-9395296179,SUS0021,+91-9807577342,2026-07-11 22:15:30,1150,SMS,Chandigarh
CDR00212,SUS0038,+91-9126614158,SUS0079,+91-9583724666,2026-04-21 12:21:30,1367,SMS,Jaipur
CDR00213,SUS0127,+91-9729712082,SUS0066,+91-9677858758,2026-05-15 02:07:45,115,SMS,Amritsar
CDR00214,SUS0077,+91-9508427798,SUS0132,+91-9895609471,2026-02-25 10:06:30,1141,Voice,Nagpur
CDR00215,SUS0093,+91-9445505799,SUS0137,+91-9288650860,2026-01-10 09:55:45,1117,SMS,Surat
CDR00216,SUS0129,+91-9340781088,SUS0120,+91-9156263020,2026-05-10 14:58:00,896,Data,Surat
CDR00217,SUS0080,+91-9350636897,SUS0090,+91-9618079974,2026-01-15 09:23:15,1666,SMS,Lucknow
CDR00218,SUS0049,+91-9926830795,SUS0091,+91-9396618390,2026-05-04 17:23:30,1645,SMS,Nagpur
CDR00219,SUS0078,+91-9323110563,SUS0029,+91-9319321646,2026-02-01 22:49:00,696,Voice,Pune
CDR00220,SUS0119,+91-9218032515,SUS0149,+91-9877103091,2026-01-22 15:36:30,428,SMS,Nagpur
CDR00221,SUS0070,+91-9361246928,SUS0084,+91-9799552991,2026-05-25 01:34:30,1630,Voice,Pune
CDR00222,SUS0121,+91-9337887233,SUS0114,+91-9880179899,2026-01-11 06:23:45,311,Voice,Jaipur
CDR00223,SUS0042,+91-9649136331,SUS0032,+91-9695499669,2026-07-13 13:35:45,1774,Voice,Jaipur
CDR00224,SUS0025,+91-9519212169,SUS0133,+91-9874807770,2026-06-09 06:03:00,570,SMS,Mumbai
CDR00225,SUS0004,+91-9469319644,SUS0093,+91-9445505799,2026-05-08 05:07:15,76,Data,Patna
CDR00226,SUS0042,+91-9649136331,SUS0086,+91-9437710224,2026-02-23 11:01:15,1242,Voice,Mumbai
CDR00227,SUS0109,+91-9463692735,SUS0121,+91-9337887233,2026-04-26 03:04:00,1510,Voice,Nagpur
CDR00228,SUS0046,+91-9952266893,SUS0085,+91-9212313264,2026-07-16 11:16:45,1681,SMS,Pune
CDR00229,SUS0023,+91-9596743109,SUS0092,+91-9722687986,2026-03-08 21:04:45,1281,SMS,Delhi
CDR00230,SUS0149,+91-9877103091,SUS0084,+91-9799552991,2026-06-22 17:07:30,809,Voice,Ahmedabad
CDR00231,SUS0038,+91-9126614158,SUS0142,+91-9374843786,2026-04-01 22:49:00,1611,Voice,Ahmedabad
CDR00232,SUS0068,+91-9480990401,SUS0013,+91-9566825638,2026-03-03 19:22:15,1229,Voice,Nagpur
CDR00233,SUS0005,+91-9764130526,SUS0057,+91-9829223044,2026-06-28 04:51:15,21,Voice,Lucknow
CDR00234,SUS0045,+91-9995205588,SUS0099,+91-9855797020,2026-08-10 13:05:30,1040,SMS,Amritsar
CDR00235,SUS0053,+91-9679984033,SUS0102,+91-9599561877,2026-03-02 02:17:15,275,Voice,Mumbai
CDR00236,SUS0130,+91-9924024405,SUS0136,+91-9158821683,2026-07-14 00:45:45,831,Data,Ranchi
CDR00237,SUS0076,+91-9704344408,SUS0138,+91-9896760809,2026-01-13 20:33:45,926,Voice,Jaipur
CDR00238,SUS0015,+91-9624636385,SUS0039,+91-9141580226,2026-04-28 12:30:15,1565,Voice,Ranchi
CDR00239,SUS0082,+91-9851333320,SUS0088,+91-9570423569,2026-03-02 22:18:30,1020,SMS,Pune
CDR00240,SUS0060,+91-9475767056,SUS0083,+91-9748232591,2026-03-18 23:14:00,992,Voice,Bhopal
CDR00241,SUS0148,+91-9403754671,SUS0096,+91-9540211187,2026-06-19 06:15:45,773,Voice,Jaipur
CDR00242,SUS0070,+91-9361246928,SUS0050,+91-9960514523,2026-07-28 19:28:45,429,SMS,Surat
CDR00243,SUS0123,+91-9395296179,SUS0060,+91-9475767056,2026-07-03 06:26:45,991,Data,Nagpur
CDR00244,SUS0086,+91-9437710224,SUS0133,+91-9874807770,2026-06-23 01:26:00,255,Data,Chandigarh
CDR00245,SUS0036,+91-9144913399,SUS0071,+91-9587205269,2026-07-05 00:12:00,251,SMS,Ahmedabad
CDR00246,SUS0146,+91-9969533218,SUS0114,+91-9880179899,2026-04-17 02:48:45,404,SMS,Jaipur
CDR00247,SUS0025,+91-9519212169,SUS0104,+91-9417001612,2026-04-02 19:47:45,603,Voice,Bhopal
CDR00248,SUS0019,+91-9860038427,SUS0096,+91-9540211187,2026-05-10 12:48:00,201,Voice,Indore
CDR00249,SUS0104,+91-9417001612,SUS0065,+91-9488896443,2026-08-01 09:49:15,241,SMS,Patna
CDR00250,SUS0024,+91-9909134796,SUS0085,+91-9212313264,2026-06-08 16:14:00,965,SMS,Pune
CDR00251,SUS0093,+91-9445505799,SUS0004,+91-9469319644,2026-05-08 12:07:00,96,Voice,Delhi
CDR00252,SUS0011,+91-9197613238,SUS0061,+91-9608482316,2026-01-05 19:20:45,375,SMS,Kanpur
CDR00253,SUS0135,+91-9219066986,SUS0028,+91-9711684318,2026-03-11 04:04:15,1385,Voice,Surat
CDR00254,SUS0137,+91-9288650860,SUS0004,+91-9469319644,2026-07-08 07:24:00,971,Voice,Pune
CDR00255,SUS0027,+91-9670292350,SUS0116,+91-9396225446,2026-01-09 22:49:15,158,SMS,Patna
CDR00256,SUS0030,+91-9907308348,SUS0010,+91-9899925830,2026-05-16 01:10:15,792,Voice,Indore
CDR00257,SUS0007,+91-9833953718,SUS0062,+91-9275842194,2026-03-14 17:21:45,423,SMS,Ahmedabad
CDR00258,SUS0115,+91-9497853519,SUS0063,+91-9841541582,2026-08-21 02:57:45,1255,Voice,Patna
CDR00259,SUS0018,+91-9584779555,SUS0149,+91-9877103091,2026-05-21 07:45:45,247,SMS,Kanpur
CDR00260,SUS0061,+91-9608482316,SUS0031,+91-9173864104,2026-06-28 12:17:15,550,SMS,Chandigarh
CDR00261,SUS0086,+91-9437710224,SUS0139,+91-9534900128,2026-03-23 23:43:00,287,Voice,Ahmedabad
CDR00262,SUS0044,+91-9848621833,SUS0034,+91-9554811020,2026-06-19 22:28:15,117,Voice,Ahmedabad
CDR00263,SUS0092,+91-9722687986,SUS0059,+91-9450948014,2026-08-01 11:04:30,458,SMS,Indore
CDR00264,SUS0007,+91-9833953718,SUS0004,+91-9469319644,2026-03-25 09:20:45,311,Voice,Kanpur
CDR00265,SUS0124,+91-9853529912,SUS0118,+91-9350180427,2026-04-04 21:41:15,323,Data,Patna
CDR00266,SUS0014,+91-9420452650,SUS0121,+91-9337887233,2026-02-21 19:10:45,1788,Data,Indore
CDR00267,SUS0145,+91-9408246619,SUS0146,+91-9969533218,2026-05-04 19:09:45,1023,Voice,Lucknow
CDR00268,SUS0061,+91-9608482316,SUS0094,+91-9899621068,2026-07-21 09:37:15,197,Voice,Ranchi
CDR00269,SUS0092,+91-9722687986,SUS0084,+91-9799552991,2026-05-14 02:23:00,345,Voice,Nagpur
CDR00270,SUS0120,+91-9156263020,SUS0024,+91-9909134796,2026-02-18 18:30:45,69,Voice,Delhi
CDR00271,SUS0068,+91-9480990401,SUS0075,+91-9612957813,2026-05-12 05:52:30,877,Voice,Ranchi
CDR00272,SUS0070,+91-9361246928,SUS0024,+91-9909134796,2026-01-18 19:48:30,485,Voice,Chandigarh
CDR00273,SUS0118,+91-9350180427,SUS0045,+91-9995205588,2026-01-17 05:03:45,1785,Voice,Chandigarh
CDR00274,SUS0061,+91-9608482316,SUS0054,+91-9600282414,2026-07-09 15:04:00,509,SMS,Lucknow
CDR00275,SUS0145,+91-9408246619,SUS0046,+91-9952266893,2026-06-22 12:05:00,572,SMS,Pune
CDR00276,SUS0071,+91-9587205269,SUS0149,+91-9877103091,2026-05-05 19:48:00,1107,SMS,Jaipur
CDR00277,SUS0020,+91-9242068763,SUS0089,+91-9221827951,2026-07-18 02:00:45,1346,SMS,Surat
CDR00278,SUS0079,+91-9583724666,SUS0015,+91-9624636385,2026-04-25 19:23:00,557,SMS,Amritsar
CDR00279,SUS0027,+91-9670292350,SUS0062,+91-9275842194,2026-04-07 02:54:45,279,Voice,Surat
CDR00280,SUS0134,+91-9392168202,SUS0119,+91-9218032515,2026-04-09 12:35:45,1652,SMS,Mumbai
CDR00281,SUS0021,+91-9807577342,SUS0007,+91-9833953718,2026-06-15 17:31:45,1236,SMS,Indore
CDR00282,SUS0081,+91-9987588450,SUS0111,+91-9821920438,2026-02-12 23:13:00,174,Voice,Ahmedabad
CDR00283,SUS0117,+91-9458102728,SUS0112,+91-9337691219,2026-05-24 16:18:30,862,SMS,Bhopal
CDR00284,SUS0131,+91-9393421844,SUS0142,+91-9374843786,2026-04-10 06:21:30,298,Voice,Indore
CDR00285,SUS0034,+91-9554811020,SUS0130,+91-9924024405,2026-03-09 06:21:00,538,Voice,Surat
CDR00286,SUS0026,+91-9418587604,SUS0043,+91-9175133802,2026-05-05 01:21:45,1090,Voice,Lucknow
CDR00287,SUS0004,+91-9469319644,SUS0137,+91-9288650860,2026-07-22 11:23:30,1327,SMS,Kanpur
CDR00288,SUS0146,+91-9969533218,SUS0021,+91-9807577342,2026-01-07 20:19:15,392,SMS,Amritsar
CDR00289,SUS0143,+91-9706118438,SUS0120,+91-9156263020,2026-08-21 14:21:45,613,Data,Kanpur
CDR00290,SUS0058,+91-9811890569,SUS0028,+91-9711684318,2026-02-17 01:24:45,1287,Voice,Indore
CDR00291,SUS0058,+91-9811890569,SUS0111,+91-9821920438,2026-06-07 19:22:00,388,Voice,Kanpur
CDR00292,SUS0051,+91-9688273030,SUS0011,+91-9197613238,2026-08-12 09:07:45,517,SMS,Bhopal
CDR00293,SUS0029,+91-9319321646,SUS0150,+91-9804433388,2026-01-15 14:47:15,1137,Voice,Lucknow
CDR00294,SUS0138,+91-9896760809,SUS0064,+91-9810303128,2026-07-16 02:44:30,292,Voice,Kanpur
CDR00295,SUS0129,+91-9340781088,SUS0008,+91-9787194506,2026-05-28 15:42:00,269,Data,Surat
CDR00296,SUS0019,+91-9860038427,SUS0032,+91-9695499669,2026-01-12 10:45:30,1049,Voice,Chandigarh
CDR00297,SUS0034,+91-9554811020,SUS0003,+91-9271432881,2026-02-04 05:57:30,1604,Voice,Ahmedabad
CDR00298,SUS0077,+91-9508427798,SUS0145,+91-9408246619,2026-04-02 04:34:00,1509,SMS,Bhopal
CDR00299,SUS0134,+91-9392168202,SUS0060,+91-9475767056,2026-04-25 10:01:30,1397,SMS,Bhopal
CDR00300,SUS0069,+91-9536398872,SUS0023,+91-9596743109,2026-04-28 15:20:45,1793,Voice,Amritsar
CDR00301,SUS0034,+91-9554811020,SUS0041,+91-9223847257,2026-03-15 17:57:30,962,Data,Delhi
CDR00302,SUS0139,+91-9534900128,SUS0094,+91-9899621068,2026-07-27 02:32:45,902,Voice,Mumbai
CDR00303,SUS0036,+91-9144913399,SUS0141,+91-9222435172,2026-07-06 08:19:45,10,Voice,Jaipur
CDR00304,SUS0047,+91-9906528433,SUS0038,+91-9126614158,2026-07-21 02:56:00,958,Data,Jaipur
CDR00305,SUS0145,+91-9408246619,SUS0039,+91-9141580226,2026-01-03 12:14:15,1148,Voice,Surat
CDR00306,SUS0107,+91-9135824891,SUS0142,+91-9374843786,2026-02-24 13:37:15,621,SMS,Indore
CDR00307,SUS0102,+91-9599561877,SUS0003,+91-9271432881,2026-06-27 19:48:00,433,Data,Lucknow
CDR00308,SUS0150,+91-9804433388,SUS0083,+91-9748232591,2026-06-19 02:41:30,1746,SMS,Jaipur
CDR00309,SUS0063,+91-9841541582,SUS0073,+91-9115191689,2026-03-28 22:56:45,796,SMS,Amritsar
CDR00310,SUS0097,+91-9452794611,SUS0032,+91-9695499669,2026-08-17 08:32:45,829,Voice,Amritsar
CDR00311,SUS0031,+91-9173864104,SUS0040,+91-9399147754,2026-06-09 03:58:45,997,Voice,Bhopal
CDR00312,SUS0129,+91-9340781088,SUS0078,+91-9323110563,2026-07-23 15:28:15,890,Data,Patna
CDR00313,SUS0145,+91-9408246619,SUS0068,+91-9480990401,2026-05-21 04:47:45,1717,Voice,Ahmedabad
CDR00314,SUS0022,+91-9881913386,SUS0054,+91-9600282414,2026-03-17 01:23:45,1098,SMS,Nagpur
CDR00315,SUS0049,+91-9926830795,SUS0005,+91-9764130526,2026-06-15 14:40:30,35,SMS,Ranchi
CDR00316,SUS0034,+91-9554811020,SUS0003,+91-9271432881,2026-04-25 18:03:30,1488,SMS,Patna
CDR00317,SUS0043,+91-9175133802,SUS0108,+91-9679184667,2026-06-12 01:23:15,356,Voice,Delhi
CDR00318,SUS0113,+91-9426808977,SUS0140,+91-9529979713,2026-01-18 16:11:15,739,Voice,Indore
CDR00319,SUS0092,+91-9722687986,SUS0059,+91-9450948014,2026-05-13 16:34:45,151,Voice,Ranchi
CDR00320,SUS0139,+91-9534900128,SUS0133,+91-9874807770,2026-06-17 13:48:15,1169,Voice,Jaipur
CDR00321,SUS0084,+91-9799552991,SUS0147,+91-9190547712,2026-05-17 09:42:15,391,Voice,Bhopal
CDR00322,SUS0049,+91-9926830795,SUS0041,+91-9223847257,2026-01-24 20:50:30,192,Voice,Nagpur
CDR00323,SUS0098,+91-9138546365,SUS0108,+91-9679184667,2026-03-13 13:44:00,1201,SMS,Pune
CDR00324,SUS0096,+91-9540211187,SUS0018,+91-9584779555,2026-05-12 15:32:00,611,SMS,Lucknow
CDR00325,SUS0091,+91-9396618390,SUS0087,+91-9301415220,2026-06-13 14:22:00,1720,SMS,Mumbai
CDR00326,SUS0052,+91-9659741412,SUS0117,+91-9458102728,2026-07-04 17:36:30,1784,SMS,Indore
CDR00327,SUS0076,+91-9704344408,SUS0122,+91-9531233244,2026-03-15 08:38:15,968,SMS,Bhopal
CDR00328,SUS0119,+91-9218032515,SUS0014,+91-9420452650,2026-02-14 17:50:15,722,Voice,Nagpur
CDR00329,SUS0084,+91-9799552991,SUS0117,+91-9458102728,2026-02-06 02:15:15,305,Voice,Delhi
CDR00330,SUS0018,+91-9584779555,SUS0126,+91-9609241268,2026-01-23 12:14:15,1390,SMS,Amritsar
CDR00331,SUS0091,+91-9396618390,SUS0105,+91-9900122509,2026-08-25 05:27:00,1471,Voice,Mumbai
CDR00332,SUS0045,+91-9995205588,SUS0099,+91-9855797020,2026-05-06 11:33:45,1484,Voice,Patna
CDR00333,SUS0038,+91-9126614158,SUS0134,+91-9392168202,2026-08-11 15:31:15,1151,SMS,Patna
CDR00334,SUS0113,+91-9426808977,SUS0049,+91-9926830795,2026-04-05 06:03:00,1601,Voice,Delhi
CDR00335,SUS0019,+91-9860038427,SUS0146,+91-9969533218,2026-04-03 10:46:30,1508,Data,Kanpur
CDR00336,SUS0082,+91-9851333320,SUS0026,+91-9418587604,2026-08-02 15:51:45,1237,Data,Delhi
CDR00337,SUS0027,+91-9670292350,SUS0137,+91-9288650860,2026-05-24 23:58:30,84,SMS,Jaipur
CDR00338,SUS0110,+91-9963919401,SUS0112,+91-9337691219,2026-08-27 09:50:15,271,Voice,Ranchi
CDR00339,SUS0013,+91-9566825638,SUS0096,+91-9540211187,2026-02-05 09:59:00,1068,Data,Jaipur
CDR00340,SUS0113,+91-9426808977,SUS0029,+91-9319321646,2026-05-27 14:51:00,118,Data,Jaipur
CDR00341,SUS0049,+91-9926830795,SUS0141,+91-9222435172,2026-02-13 21:52:30,352,Voice,Pune
CDR00342,SUS0068,+91-9480990401,SUS0011,+91-9197613238,2026-02-17 20:45:30,1013,SMS,Patna
CDR00343,SUS0068,+91-9480990401,SUS0129,+91-9340781088,2026-04-24 02:12:30,875,Voice,Jaipur
CDR00344,SUS0141,+91-9222435172,SUS0054,+91-9600282414,2026-02-08 21:56:45,771,Voice,Ahmedabad
CDR00345,SUS0008,+91-9787194506,SUS0028,+91-9711684318,2026-05-17 04:35:15,1692,Voice,Ahmedabad
CDR00346,SUS0136,+91-9158821683,SUS0130,+91-9924024405,2026-04-22 20:53:30,1520,SMS,Ahmedabad
CDR00347,SUS0020,+91-9242068763,SUS0046,+91-9952266893,2026-02-12 05:16:30,156,Voice,Patna
CDR00348,SUS0040,+91-9399147754,SUS0054,+91-9600282414,2026-07-26 03:37:30,1450,Data,Indore
CDR00349,SUS0093,+91-9445505799,SUS0031,+91-9173864104,2026-01-19 17:16:30,983,Voice,Mumbai
CDR00350,SUS0075,+91-9612957813,SUS0046,+91-9952266893,2026-04-07 12:34:45,520,Voice,Indore
CDR00351,SUS0081,+91-9987588450,SUS0113,+91-9426808977,2026-01-08 18:37:30,452,SMS,Ranchi
CDR00352,SUS0031,+91-9173864104,SUS0114,+91-9880179899,2026-08-22 21:42:30,1599,Voice,Lucknow
CDR00353,SUS0010,+91-9899925830,SUS0022,+91-9881913386,2026-02-09 23:34:45,1319,Voice,Amritsar
CDR00354,SUS0071,+91-9587205269,SUS0141,+91-9222435172,2026-02-17 07:06:15,656,Voice,Delhi
CDR00355,SUS0146,+91-9969533218,SUS0046,+91-9952266893,2026-05-13 07:07:00,197,Voice,Chandigarh
CDR00356,SUS0035,+91-9559225330,SUS0104,+91-9417001612,2026-07-09 01:45:15,1417,SMS,Amritsar
CDR00357,SUS0012,+91-9739830322,SUS0030,+91-9907308348,2026-03-14 12:44:45,1323,SMS,Ranchi
CDR00358,SUS0018,+91-9584779555,SUS0138,+91-9896760809,2026-08-17 22:33:15,1413,Data,Patna
CDR00359,SUS0030,+91-9907308348,SUS0095,+91-9235555899,2026-07-28 01:38:30,913,Data,Indore
CDR00360,SUS0059,+91-9450948014,SUS0084,+91-9799552991,2026-07-21 06:00:00,1266,Data,Ahmedabad
CDR00361,SUS0086,+91-9437710224,SUS0133,+91-9874807770,2026-01-25 21:30:00,192,Data,Lucknow
CDR00362,SUS0096,+91-9540211187,SUS0018,+91-9584779555,2026-04-18 13:49:45,1021,SMS,Indore
CDR00363,SUS0096,+91-9540211187,SUS0013,+91-9566825638,2026-05-27 22:07:15,1045,Data,Mumbai
CDR00364,SUS0130,+91-9924024405,SUS0034,+91-9554811020,2026-01-12 16:14:00,1000,Voice,Lucknow
CDR00365,SUS0018,+91-9584779555,SUS0096,+91-9540211187,2026-06-06 16:22:45,827,Voice,Surat
CDR00366,SUS0094,+91-9899621068,SUS0120,+91-9156263020,2026-04-11 00:42:30,146,Voice,Mumbai
CDR00367,SUS0074,+91-9908304440,SUS0044,+91-9848621833,2026-03-13 18:48:15,633,SMS,Pune
CDR00368,SUS0145,+91-9408246619,SUS0146,+91-9969533218,2026-05-01 23:54:15,184,SMS,Ahmedabad
CDR00369,SUS0101,+91-9358589021,SUS0024,+91-9909134796,2026-04-11 16:03:30,802,Data,Bhopal
CDR00370,SUS0054,+91-9600282414,SUS0048,+91-9925159146,2026-05-10 16:36:15,1337,SMS,Bhopal
CDR00371,SUS0085,+91-9212313264,SUS0114,+91-9880179899,2026-06-03 11:40:45,1488,Voice,Ranchi
CDR00372,SUS0038,+91-9126614158,SUS0119,+91-9218032515,2026-02-16 08:08:15,1492,Data,Indore
CDR00373,SUS0074,+91-9908304440,SUS0044,+91-9848621833,2026-05-13 01:08:45,785,SMS,Mumbai
CDR00374,SUS0070,+91-9361246928,SUS0149,+91-9877103091,2026-04-08 21:53:00,365,SMS,Patna
CDR00375,SUS0073,+91-9115191689,SUS0120,+91-9156263020,2026-06-22 09:52:45,62,Voice,Amritsar
CDR00376,SUS0035,+91-9559225330,SUS0044,+91-9848621833,2026-06-17 03:13:15,684,Voice,Pune
CDR00377,SUS0072,+91-9893070706,SUS0033,+91-9749431082,2026-04-24 10:24:45,1411,SMS,Lucknow
CDR00378,SUS0079,+91-9583724666,SUS0132,+91-9895609471,2026-08-15 16:39:45,707,SMS,Kanpur
CDR00379,SUS0105,+91-9900122509,SUS0078,+91-9323110563,2026-06-09 01:36:15,1424,SMS,Bhopal
CDR00380,SUS0007,+91-9833953718,SUS0057,+91-9829223044,2026-06-12 15:15:30,382,SMS,Ranchi
CDR00381,SUS0111,+91-9821920438,SUS0051,+91-9688273030,2026-01-11 07:32:30,738,SMS,Surat
CDR00382,SUS0045,+91-9995205588,SUS0090,+91-9618079974,2026-01-02 01:27:00,1112,SMS,Nagpur
CDR00383,SUS0083,+91-9748232591,SUS0002,+91-9868820204,2026-01-23 04:55:45,989,Voice,Kanpur
CDR00384,SUS0028,+91-9711684318,SUS0022,+91-9881913386,2026-01-17 11:06:15,1474,Voice,Bhopal
CDR00385,SUS0045,+91-9995205588,SUS0083,+91-9748232591,2026-03-13 20:07:45,1101,SMS,Kanpur
CDR00386,SUS0071,+91-9587205269,SUS0062,+91-9275842194,2026-06-24 21:59:00,568,Voice,Amritsar
CDR00387,SUS0017,+91-9751325257,SUS0010,+91-9899925830,2026-04-20 08:10:45,1599,Voice,Mumbai
CDR00388,SUS0023,+91-9596743109,SUS0069,+91-9536398872,2026-05-26 20:45:00,1423,Data,Amritsar
CDR00389,SUS0078,+91-9323110563,SUS0046,+91-9952266893,2026-05-03 05:28:45,1461,SMS,Kanpur
CDR00390,SUS0101,+91-9358589021,SUS0072,+91-9893070706,2026-05-18 10:30:45,1525,Data,Bhopal
CDR00391,SUS0024,+91-9909134796,SUS0084,+91-9799552991,2026-08-27 11:10:00,1634,Voice,Pune
CDR00392,SUS0138,+91-9896760809,SUS0018,+91-9584779555,2026-02-06 03:43:30,806,Voice,Ranchi
CDR00393,SUS0107,+91-9135824891,SUS0043,+91-9175133802,2026-05-16 01:33:30,529,SMS,Lucknow
CDR00394,SUS0040,+91-9399147754,SUS0054,+91-9600282414,2026-06-01 10:38:00,196,SMS,Indore
CDR00395,SUS0093,+91-9445505799,SUS0086,+91-9437710224,2026-04-09 04:09:45,1646,SMS,Patna
CDR00396,SUS0062,+91-9275842194,SUS0137,+91-9288650860,2026-02-28 07:01:30,465,Voice,Surat
CDR00397,SUS0094,+91-9899621068,SUS0120,+91-9156263020,2026-04-13 12:09:45,1298,Data,Indore
CDR00398,SUS0034,+91-9554811020,SUS0129,+91-9340781088,2026-08-25 06:48:30,989,SMS,Ahmedabad
CDR00399,SUS0083,+91-9748232591,SUS0033,+91-9749431082,2026-03-26 13:16:15,694,SMS,Ranchi
CDR00400,SUS0058,+91-9811890569,SUS0148,+91-9403754671,2026-01-18 00:57:15,1437,SMS,Nagpur
CDR00401,SUS0079,+91-9583724666,SUS0038,+91-9126614158,2026-05-26 00:16:15,363,SMS,Bhopal
CDR00402,SUS0139,+91-9534900128,SUS0056,+91-9888807316,2026-03-21 02:11:15,412,SMS,Patna
CDR00403,SUS0068,+91-9480990401,SUS0046,+91-9952266893,2026-05-21 13:03:30,883,SMS,Chandigarh
CDR00404,SUS0132,+91-9895609471,SUS0015,+91-9624636385,2026-01-16 18:47:30,1591,SMS,Amritsar
CDR00405,SUS0052,+91-9659741412,SUS0117,+91-9458102728,2026-03-05 00:02:30,1313,Voice,Indore
CDR00406,SUS0132,+91-9895609471,SUS0038,+91-9126614158,2026-08-24 09:03:30,299,Voice,Delhi
CDR00407,SUS0036,+91-9144913399,SUS0141,+91-9222435172,2026-05-05 20:40:00,1542,Voice,Patna
CDR00408,SUS0149,+91-9877103091,SUS0062,+91-9275842194,2026-08-07 06:37:00,1350,SMS,Pune
CDR00409,SUS0086,+91-9437710224,SUS0047,+91-9906528433,2026-04-28 11:37:30,1544,SMS,Chandigarh
CDR00410,SUS0038,+91-9126614158,SUS0119,+91-9218032515,2026-02-05 15:26:30,215,Voice,Amritsar
CDR00411,SUS0124,+91-9853529912,SUS0089,+91-9221827951,2026-07-16 23:21:00,319,SMS,Indore
CDR00412,SUS0026,+91-9418587604,SUS0098,+91-9138546365,2026-02-10 01:08:00,1684,Voice,Surat
CDR00413,SUS0117,+91-9458102728,SUS0052,+91-9659741412,2026-07-25 20:36:15,762,Voice,Chandigarh
CDR00414,SUS0074,+91-9908304440,SUS0034,+91-9554811020,2026-07-24 01:39:30,1129,Voice,Surat
CDR00415,SUS0122,+91-9531233244,SUS0126,+91-9609241268,2026-01-17 01:58:00,486,Voice,Ranchi
CDR00416,SUS0132,+91-9895609471,SUS0079,+91-9583724666,2026-03-17 16:11:45,184,SMS,Nagpur
CDR00417,SUS0036,+91-9144913399,SUS0072,+91-9893070706,2026-07-04 03:17:00,860,Voice,Jaipur
CDR00418,SUS0061,+91-9608482316,SUS0054,+91-9600282414,2026-06-02 22:03:45,1348,SMS,Pune
CDR00419,SUS0083,+91-9748232591,SUS0027,+91-9670292350,2026-08-06 07:12:45,1516,Voice,Patna
CDR00420,SUS0139,+91-9534900128,SUS0104,+91-9417001612,2026-04-04 11:22:15,1409,Data,Pune
CDR00421,SUS0014,+91-9420452650,SUS0015,+91-9624636385,2026-08-23 02:49:45,1024,Voice,Pune
CDR00422,SUS0047,+91-9906528433,SUS0143,+91-9706118438,2026-01-17 11:52:30,1316,SMS,Delhi
CDR00423,SUS0005,+91-9764130526,SUS0057,+91-9829223044,2026-04-14 04:53:45,1092,Voice,Amritsar
CDR00424,SUS0054,+91-9600282414,SUS0008,+91-9787194506,2026-05-27 01:29:30,1712,SMS,Delhi
CDR00425,SUS0127,+91-9729712082,SUS0090,+91-9618079974,2026-07-14 22:18:45,1510,SMS,Ranchi
CDR00426,SUS0025,+91-9519212169,SUS0042,+91-9649136331,2026-01-08 09:16:15,527,Voice,Ahmedabad
CDR00427,SUS0082,+91-9851333320,SUS0071,+91-9587205269,2026-03-03 09:33:00,217,Voice,Patna
CDR00428,SUS0114,+91-9880179899,SUS0075,+91-9612957813,2026-03-23 06:26:00,1528,Data,Jaipur
CDR00429,SUS0148,+91-9403754671,SUS0069,+91-9536398872,2026-03-20 02:46:15,1447,SMS,Mumbai
CDR00430,SUS0134,+91-9392168202,SUS0027,+91-9670292350,2026-02-09 00:31:45,1359,Voice,Kanpur
CDR00431,SUS0030,+91-9907308348,SUS0010,+91-9899925830,2026-01-19 09:52:30,1348,Data,Pune
CDR00432,SUS0123,+91-9395296179,SUS0022,+91-9881913386,2026-04-02 12:27:00,890,SMS,Jaipur
CDR00433,SUS0137,+91-9288650860,SUS0083,+91-9748232591,2026-01-10 03:08:00,55,Voice,Surat
CDR00434,SUS0145,+91-9408246619,SUS0074,+91-9908304440,2026-02-27 21:49:30,1789,Voice,Ahmedabad
CDR00435,SUS0111,+91-9821920438,SUS0015,+91-9624636385,2026-04-27 08:26:15,924,SMS,Delhi
CDR00436,SUS0038,+91-9126614158,SUS0134,+91-9392168202,2026-04-13 07:38:00,766,SMS,Chandigarh
CDR00437,SUS0119,+91-9218032515,SUS0132,+91-9895609471,2026-05-11 15:33:45,212,SMS,Mumbai
CDR00438,SUS0058,+91-9811890569,SUS0075,+91-9612957813,2026-08-18 15:54:15,1371,Data,Chandigarh
CDR00439,SUS0063,+91-9841541582,SUS0077,+91-9508427798,2026-08-14 02:09:15,842,Voice,Amritsar
CDR00440,SUS0056,+91-9888807316,SUS0066,+91-9677858758,2026-01-06 10:24:30,1402,SMS,Patna
CDR00441,SUS0037,+91-9701170349,SUS0137,+91-9288650860,2026-02-24 20:01:00,1603,Voice,Kanpur
CDR00442,SUS0114,+91-9880179899,SUS0107,+91-9135824891,2026-05-15 17:33:30,1695,Voice,Lucknow
CDR00443,SUS0089,+91-9221827951,SUS0020,+91-9242068763,2026-07-11 21:23:45,997,Voice,Nagpur
CDR00444,SUS0121,+91-9337887233,SUS0129,+91-9340781088,2026-06-06 20:47:00,654,Voice,Lucknow
CDR00445,SUS0109,+91-9463692735,SUS0047,+91-9906528433,2026-04-19 02:03:00,1162,SMS,Patna
CDR00446,SUS0146,+91-9969533218,SUS0085,+91-9212313264,2026-01-21 19:23:00,1782,Data,Nagpur
CDR00447,SUS0036,+91-9144913399,SUS0110,+91-9963919401,2026-02-17 09:57:30,857,Voice,Delhi
CDR00448,SUS0112,+91-9337691219,SUS0135,+91-9219066986,2026-05-03 06:21:00,639,SMS,Lucknow
CDR00449,SUS0076,+91-9704344408,SUS0057,+91-9829223044,2026-07-22 08:28:30,1710,SMS,Amritsar
CDR00450,SUS0118,+91-9350180427,SUS0124,+91-9853529912,2026-01-23 07:20:15,494,Data,Patna
CDR00451,SUS0061,+91-9608482316,SUS0031,+91-9173864104,2026-06-17 10:31:15,508,Data,Lucknow
CDR00452,SUS0043,+91-9175133802,SUS0045,+91-9995205588,2026-01-10 10:13:30,256,Data,Chandigarh
CDR00453,SUS0117,+91-9458102728,SUS0061,+91-9608482316,2026-08-08 10:08:30,1322,Data,Delhi
CDR00454,SUS0077,+91-9508427798,SUS0133,+91-9874807770,2026-02-01 17:33:30,150,Data,Delhi
CDR00455,SUS0150,+91-9804433388,SUS0105,+91-9900122509,2026-08-17 20:28:30,649,Voice,Delhi
CDR00456,SUS0139,+91-9534900128,SUS0005,+91-9764130526,2026-03-07 16:38:00,202,Voice,Amritsar
CDR00457,SUS0025,+91-9519212169,SUS0131,+91-9393421844,2026-07-21 10:31:15,1413,Voice,Surat
CDR00458,SUS0120,+91-9156263020,SUS0056,+91-9888807316,2026-01-25 21:15:00,508,SMS,Pune
CDR00459,SUS0081,+91-9987588450,SUS0111,+91-9821920438,2026-03-19 01:40:00,908,Voice,Ahmedabad
CDR00460,SUS0055,+91-9922050912,SUS0029,+91-9319321646,2026-03-16 01:31:45,543,Data,Patna
CDR00461,SUS0077,+91-9508427798,SUS0049,+91-9926830795,2026-04-20 16:44:15,843,SMS,Ranchi
CDR00462,SUS0020,+91-9242068763,SUS0123,+91-9395296179,2026-02-03 18:02:15,215,Voice,Nagpur
CDR00463,SUS0091,+91-9396618390,SUS0028,+91-9711684318,2026-02-11 10:01:15,1289,Voice,Bhopal
CDR00464,SUS0004,+91-9469319644,SUS0116,+91-9396225446,2026-08-15 15:24:45,1169,Voice,Lucknow
CDR00465,SUS0137,+91-9288650860,SUS0004,+91-9469319644,2026-07-26 19:16:30,494,Voice,Patna
CDR00466,SUS0071,+91-9587205269,SUS0092,+91-9722687986,2026-01-28 05:28:15,410,Voice,Ahmedabad
CDR00467,SUS0074,+91-9908304440,SUS0034,+91-9554811020,2026-05-22 09:11:15,1478,SMS,Kanpur
CDR00468,SUS0118,+91-9350180427,SUS0041,+91-9223847257,2026-01-08 12:58:15,1639,Data,Patna
CDR00469,SUS0139,+91-9534900128,SUS0080,+91-9350636897,2026-01-26 01:49:45,380,Voice,Nagpur
CDR00470,SUS0049,+91-9926830795,SUS0063,+91-9841541582,2026-06-06 14:02:15,1255,SMS,Delhi
CDR00471,SUS0063,+91-9841541582,SUS0065,+91-9488896443,2026-02-14 12:26:45,912,Data,Lucknow
CDR00472,SUS0032,+91-9695499669,SUS0014,+91-9420452650,2026-08-23 22:05:45,1373,Voice,Ahmedabad
CDR00473,SUS0028,+91-9711684318,SUS0136,+91-9158821683,2026-01-05 21:05:00,414,Voice,Chandigarh
CDR00474,SUS0126,+91-9609241268,SUS0012,+91-9739830322,2026-08-06 23:45:30,1537,SMS,Nagpur
CDR00475,SUS0146,+91-9969533218,SUS0002,+91-9868820204,2026-08-11 00:53:00,1583,Voice,Jaipur
CDR00476,SUS0031,+91-9173864104,SUS0091,+91-9396618390,2026-08-10 02:44:30,1708,SMS,Ranchi
CDR00477,SUS0146,+91-9969533218,SUS0076,+91-9704344408,2026-05-19 21:10:15,517,SMS,Pune
CDR00478,SUS0102,+91-9599561877,SUS0034,+91-9554811020,2026-02-17 03:31:30,216,Voice,Lucknow
CDR00479,SUS0040,+91-9399147754,SUS0061,+91-9608482316,2026-05-10 18:24:45,1606,SMS,Chandigarh
CDR00480,SUS0074,+91-9908304440,SUS0061,+91-9608482316,2026-03-25 19:47:30,864,Voice,Amritsar
CDR00481,SUS0127,+91-9729712082,SUS0043,+91-9175133802,2026-03-05 18:20:45,1595,SMS,Surat
CDR00482,SUS0014,+91-9420452650,SUS0032,+91-9695499669,2026-03-18 22:53:15,897,Voice,Ahmedabad
CDR00483,SUS0102,+91-9599561877,SUS0074,+91-9908304440,2026-07-25 08:53:15,927,Voice,Delhi
CDR00484,SUS0020,+91-9242068763,SUS0089,+91-9221827951,2026-08-12 21:21:15,952,Voice,Ranchi
CDR00485,SUS0148,+91-9403754671,SUS0112,+91-9337691219,2026-01-23 10:14:45,1329,Data,Jaipur
CDR00486,SUS0131,+91-9393421844,SUS0090,+91-9618079974,2026-06-13 12:01:00,954,Data,Mumbai
CDR00487,SUS0026,+91-9418587604,SUS0075,+91-9612957813,2026-08-12 07:42:15,669,SMS,Indore
CDR00488,SUS0101,+91-9358589021,SUS0072,+91-9893070706,2026-04-23 15:45:15,1780,SMS,Kanpur
CDR00489,SUS0088,+91-9570423569,SUS0073,+91-9115191689,2026-03-19 19:36:15,474,Voice,Indore
CDR00490,SUS0117,+91-9458102728,SUS0110,+91-9963919401,2026-04-28 06:52:30,1301,Voice,Delhi
CDR00491,SUS0094,+91-9899621068,SUS0147,+91-9190547712,2026-06-11 01:49:30,373,Voice,Mumbai
CDR00492,SUS0086,+91-9437710224,SUS0139,+91-9534900128,2026-02-20 14:36:45,1671,Voice,Indore
CDR00493,SUS0049,+91-9926830795,SUS0104,+91-9417001612,2026-08-11 13:07:00,871,SMS,Lucknow
CDR00494,SUS0062,+91-9275842194,SUS0071,+91-9587205269,2026-05-04 04:25:15,1549,Voice,Surat
CDR00495,SUS0127,+91-9729712082,SUS0120,+91-9156263020,2026-07-22 01:30:30,20,SMS,Amritsar
CDR00496,SUS0010,+91-9899925830,SUS0128,+91-9874233009,2026-06-24 02:43:45,1479,Voice,Delhi
CDR00497,SUS0104,+91-9417001612,SUS0140,+91-9529979713,2026-07-10 20:55:15,786,Data,Ranchi
CDR00498,SUS0107,+91-9135824891,SUS0022,+91-9881913386,2026-08-17 14:41:30,840,SMS,Delhi
CDR00499,SUS0040,+91-9399147754,SUS0148,+91-9403754671,2026-02-27 20:17:00,1753,Voice,Chandigarh
CDR00500,SUS0145,+91-9408246619,SUS0109,+91-9463692735,2026-07-25 02:47:15,921,SMS,Kanpur
CDR00501,SUS0062,+91-9275842194,SUS0141,+91-9222435172,2026-05-17 16:36:15,988,SMS,Bhopal
CDR00502,SUS0085,+91-9212313264,SUS0001,+91-9826600539,2026-04-28 06:07:00,854,Voice,Surat
CDR00503,SUS0012,+91-9739830322,SUS0126,+91-9609241268,2026-06-03 02:44:15,747,Data,Ranchi
CDR00504,SUS0132,+91-9895609471,SUS0014,+91-9420452650,2026-01-06 13:31:30,915,Voice,Kanpur
CDR00505,SUS0107,+91-9135824891,SUS0030,+91-9907308348,2026-07-05 19:24:30,296,Data,Ahmedabad
CDR00506,SUS0127,+91-9729712082,SUS0150,+91-9804433388,2026-04-13 12:41:15,285,SMS,Ranchi
CDR00507,SUS0045,+91-9995205588,SUS0104,+91-9417001612,2026-07-13 16:23:15,1361,Voice,Kanpur
CDR00508,SUS0079,+91-9583724666,SUS0015,+91-9624636385,2026-03-26 14:58:00,1262,Voice,Patna
CDR00509,SUS0016,+91-9621828280,SUS0119,+91-9218032515,2026-02-22 17:16:15,880,SMS,Mumbai
CDR00510,SUS0083,+91-9748232591,SUS0123,+91-9395296179,2026-03-21 20:47:30,858,Voice,Jaipur
CDR00511,SUS0129,+91-9340781088,SUS0028,+91-9711684318,2026-07-21 22:51:15,426,Voice,Jaipur
CDR00512,SUS0111,+91-9821920438,SUS0001,+91-9826600539,2026-04-03 10:33:45,1298,SMS,Delhi
CDR00513,SUS0136,+91-9158821683,SUS0072,+91-9893070706,2026-03-12 00:42:45,1075,Data,Pune
CDR00514,SUS0095,+91-9235555899,SUS0017,+91-9751325257,2026-01-26 20:20:45,1440,Data,Surat
CDR00515,SUS0040,+91-9399147754,SUS0008,+91-9787194506,2026-03-22 07:40:00,236,Voice,Kanpur
CDR00516,SUS0142,+91-9374843786,SUS0106,+91-9874090950,2026-07-08 18:38:45,282,Data,Pune
CDR00517,SUS0127,+91-9729712082,SUS0043,+91-9175133802,2026-07-05 18:51:45,1759,Voice,Delhi
CDR00518,SUS0008,+91-9787194506,SUS0067,+91-9584044963,2026-02-17 08:35:30,709,Data,Pune
CDR00519,SUS0024,+91-9909134796,SUS0084,+91-9799552991,2026-08-27 00:41:15,825,Voice,Chandigarh
CDR00520,SUS0114,+91-9880179899,SUS0132,+91-9895609471,2026-06-12 08:46:45,193,SMS,Chandigarh
CDR00521,SUS0001,+91-9826600539,SUS0097,+91-9452794611,2026-07-02 02:57:45,519,Data,Lucknow
CDR00522,SUS0148,+91-9403754671,SUS0104,+91-9417001612,2026-02-19 02:23:00,1228,Voice,Kanpur
CDR00523,SUS0071,+91-9587205269,SUS0073,+91-9115191689,2026-01-21 11:25:30,171,Voice,Jaipur
CDR00524,SUS0132,+91-9895609471,SUS0087,+91-9301415220,2026-08-23 15:00:15,1634,Voice,Amritsar
CDR00525,SUS0149,+91-9877103091,SUS0084,+91-9799552991,2026-01-20 21:20:15,1514,SMS,Surat
CDR00526,SUS0006,+91-9208449460,SUS0031,+91-9173864104,2026-07-14 20:23:00,899,SMS,Surat
CDR00527,SUS0112,+91-9337691219,SUS0108,+91-9679184667,2026-07-23 03:26:15,670,SMS,Pune
CDR00528,SUS0114,+91-9880179899,SUS0046,+91-9952266893,2026-08-18 09:24:45,1018,Voice,Ranchi
CDR00529,SUS0122,+91-9531233244,SUS0055,+91-9922050912,2026-05-24 12:37:00,1230,Voice,Kanpur
CDR00530,SUS0011,+91-9197613238,SUS0008,+91-9787194506,2026-03-11 11:11:30,1635,SMS,Kanpur
CDR00531,SUS0125,+91-9586940738,SUS0122,+91-9531233244,2026-06-09 06:30:15,1729,Voice,Nagpur
CDR00532,SUS0083,+91-9748232591,SUS0060,+91-9475767056,2026-07-22 07:36:30,394,Voice,Bhopal
CDR00533,SUS0127,+91-9729712082,SUS0090,+91-9618079974,2026-07-17 21:37:30,1241,Data,Chandigarh
CDR00534,SUS0084,+91-9799552991,SUS0147,+91-9190547712,2026-06-17 15:13:00,783,Voice,Amritsar
CDR00535,SUS0033,+91-9749431082,SUS0002,+91-9868820204,2026-06-27 12:48:30,1278,Voice,Patna
CDR00536,SUS0048,+91-9925159146,SUS0092,+91-9722687986,2026-07-25 01:25:30,1038,Voice,Jaipur
CDR00537,SUS0098,+91-9138546365,SUS0026,+91-9418587604,2026-02-04 16:56:15,1495,SMS,Nagpur
CDR00538,SUS0102,+91-9599561877,SUS0097,+91-9452794611,2026-07-11 14:43:30,1370,Voice,Pune
CDR00539,SUS0059,+91-9450948014,SUS0147,+91-9190547712,2026-08-12 07:23:00,390,Voice,Nagpur
CDR00540,SUS0063,+91-9841541582,SUS0113,+91-9426808977,2026-04-13 05:57:45,407,SMS,Chandigarh
CDR00541,SUS0117,+91-9458102728,SUS0052,+91-9659741412,2026-08-28 15:03:00,867,SMS,Ranchi
CDR00542,SUS0003,+91-9271432881,SUS0136,+91-9158821683,2026-08-15 10:30:00,1520,SMS,Mumbai
CDR00543,SUS0108,+91-9679184667,SUS0115,+91-9497853519,2026-07-10 15:34:15,1491,Data,Mumbai
CDR00544,SUS0044,+91-9848621833,SUS0136,+91-9158821683,2026-04-02 10:44:30,462,Data,Surat
CDR00545,SUS0108,+91-9679184667,SUS0004,+91-9469319644,2026-05-23 05:31:15,1179,Voice,Bhopal
CDR00546,SUS0046,+91-9952266893,SUS0144,+91-9955052486,2026-08-27 02:41:30,820,Voice,Jaipur
CDR00547,SUS0072,+91-9893070706,SUS0036,+91-9144913399,2026-05-22 23:05:30,1567,Voice,Jaipur
CDR00548,SUS0014,+91-9420452650,SUS0132,+91-9895609471,2026-03-10 02:08:45,85,Data,Delhi
CDR00549,SUS0127,+91-9729712082,SUS0119,+91-9218032515,2026-07-10 18:46:00,1080,SMS,Nagpur
CDR00550,SUS0047,+91-9906528433,SUS0131,+91-9393421844,2026-08-16 14:24:15,727,Voice,Bhopal
CDR00551,SUS0083,+91-9748232591,SUS0123,+91-9395296179,2026-01-25 13:34:45,57,Voice,Lucknow
CDR00552,SUS0074,+91-9908304440,SUS0032,+91-9695499669,2026-06-13 06:54:00,1481,Data,Mumbai
CDR00553,SUS0042,+91-9649136331,SUS0054,+91-9600282414,2026-03-11 15:48:30,1563,Voice,Ahmedabad
CDR00554,SUS0144,+91-9955052486,SUS0006,+91-9208449460,2026-01-12 10:46:30,313,Voice,Patna
CDR00555,SUS0099,+91-9855797020,SUS0060,+91-9475767056,2026-02-26 14:07:30,712,Data,Chandigarh
CDR00556,SUS0087,+91-9301415220,SUS0147,+91-9190547712,2026-03-17 16:55:45,990,SMS,Lucknow
CDR00557,SUS0023,+91-9596743109,SUS0089,+91-9221827951,2026-07-12 04:29:30,409,Data,Lucknow
CDR00558,SUS0028,+91-9711684318,SUS0129,+91-9340781088,2026-05-03 14:35:30,1469,Voice,Ranchi
CDR00559,SUS0068,+91-9480990401,SUS0145,+91-9408246619,2026-07-20 19:24:15,840,SMS,Mumbai
CDR00560,SUS0005,+91-9764130526,SUS0077,+91-9508427798,2026-06-04 12:18:30,43,SMS,Kanpur
CDR00561,SUS0006,+91-9208449460,SUS0011,+91-9197613238,2026-04-20 14:35:00,1776,Voice,Pune
CDR00562,SUS0121,+91-9337887233,SUS0109,+91-9463692735,2026-01-20 08:31:45,1083,Voice,Ahmedabad
CDR00563,SUS0123,+91-9395296179,SUS0033,+91-9749431082,2026-06-26 03:28:45,598,Voice,Bhopal
CDR00564,SUS0077,+91-9508427798,SUS0139,+91-9534900128,2026-02-03 20:30:30,1640,SMS,Mumbai
CDR00565,SUS0070,+91-9361246928,SUS0084,+91-9799552991,2026-04-24 16:31:45,25,Data,Nagpur
CDR00566,SUS0107,+91-9135824891,SUS0088,+91-9570423569,2026-01-11 22:20:45,1360,Voice,Chandigarh
CDR00567,SUS0095,+91-9235555899,SUS0092,+91-9722687986,2026-08-01 14:27:00,627,Voice,Lucknow
CDR00568,SUS0108,+91-9679184667,SUS0019,+91-9860038427,2026-02-11 07:49:30,1364,SMS,Pune
CDR00569,SUS0102,+91-9599561877,SUS0001,+91-9826600539,2026-06-02 16:15:15,1349,Data,Amritsar
CDR00570,SUS0089,+91-9221827951,SUS0023,+91-9596743109,2026-05-10 09:39:00,854,Voice,Surat
CDR00571,SUS0040,+91-9399147754,SUS0008,+91-9787194506,2026-05-22 19:49:30,1316,Voice,Mumbai
CDR00572,SUS0148,+91-9403754671,SUS0041,+91-9223847257,2026-08-09 11:25:00,531,Voice,Mumbai
CDR00573,SUS0039,+91-9141580226,SUS0060,+91-9475767056,2026-02-01 18:59:45,1441,Data,Kanpur
CDR00574,SUS0055,+91-9922050912,SUS0029,+91-9319321646,2026-05-15 11:36:45,1373,SMS,Nagpur
CDR00575,SUS0133,+91-9874807770,SUS0056,+91-9888807316,2026-05-18 23:13:15,1161,Voice,Patna
CDR00576,SUS0138,+91-9896760809,SUS0064,+91-9810303128,2026-04-22 13:15:00,1389,Voice,Delhi
CDR00577,SUS0148,+91-9403754671,SUS0018,+91-9584779555,2026-06-03 22:31:00,132,Voice,Ahmedabad
CDR00578,SUS0045,+91-9995205588,SUS0090,+91-9618079974,2026-07-14 05:11:45,1370,SMS,Nagpur
CDR00579,SUS0081,+91-9987588450,SUS0111,+91-9821920438,2026-07-12 16:40:15,504,SMS,Mumbai
CDR00580,SUS0070,+91-9361246928,SUS0092,+91-9722687986,2026-08-27 13:14:30,874,SMS,Chandigarh
CDR00581,SUS0095,+91-9235555899,SUS0126,+91-9609241268,2026-06-23 07:12:30,1757,Voice,Ahmedabad
CDR00582,SUS0086,+91-9437710224,SUS0049,+91-9926830795,2026-07-22 01:44:00,517,Voice,Bhopal
CDR00583,SUS0065,+91-9488896443,SUS0104,+91-9417001612,2026-07-11 06:46:15,1377,Voice,Ranchi
CDR00584,SUS0115,+91-9497853519,SUS0113,+91-9426808977,2026-06-03 00:57:00,1144,Voice,Delhi
CDR00585,SUS0132,+91-9895609471,SUS0079,+91-9583724666,2026-05-16 18:32:30,197,Voice,Ahmedabad
CDR00586,SUS0135,+91-9219066986,SUS0080,+91-9350636897,2026-04-09 06:03:30,1135,Voice,Ranchi
CDR00587,SUS0141,+91-9222435172,SUS0086,+91-9437710224,2026-04-20 14:52:00,1076,Voice,Indore
CDR00588,SUS0087,+91-9301415220,SUS0009,+91-9326541099,2026-03-26 22:42:00,933,Voice,Jaipur
CDR00589,SUS0024,+91-9909134796,SUS0092,+91-9722687986,2026-04-15 22:13:30,675,Voice,Kanpur
CDR00590,SUS0098,+91-9138546365,SUS0019,+91-9860038427,2026-08-06 13:51:15,1402,Voice,Patna
CDR00591,SUS0072,+91-9893070706,SUS0052,+91-9659741412,2026-06-15 23:06:30,368,SMS,Jaipur
CDR00592,SUS0139,+91-9534900128,SUS0042,+91-9649136331,2026-04-11 18:52:00,55,SMS,Indore
CDR00593,SUS0013,+91-9566825638,SUS0089,+91-9221827951,2026-05-22 21:56:45,1663,SMS,Kanpur
CDR00594,SUS0007,+91-9833953718,SUS0110,+91-9963919401,2026-02-11 21:40:30,438,Voice,Patna
CDR00595,SUS0052,+91-9659741412,SUS0054,+91-9600282414,2026-06-19 00:35:15,343,Voice,Amritsar
CDR00596,SUS0042,+91-9649136331,SUS0054,+91-9600282414,2026-06-20 12:14:15,1250,Voice,Surat
CDR00597,SUS0124,+91-9853529912,SUS0089,+91-9221827951,2026-06-20 05:22:00,1523,Data,Delhi
CDR00598,SUS0074,+91-9908304440,SUS0138,+91-9896760809,2026-01-07 15:49:15,829,Voice,Delhi
CDR00599,SUS0031,+91-9173864104,SUS0094,+91-9899621068,2026-01-04 10:53:15,1293,Voice,Nagpur
CDR00600,SUS0007,+91-9833953718,SUS0062,+91-9275842194,2026-08-24 18:35:15,765,Voice,Kanpur
CDR00601,SUS0013,+91-9566825638,SUS0118,+91-9350180427,2026-04-28 15:34:30,1796,Voice,Chandigarh
CDR00602,SUS0072,+91-9893070706,SUS0033,+91-9749431082,2026-06-26 15:38:00,1677,Data,Amritsar
CDR00603,SUS0101,+91-9358589021,SUS0083,+91-9748232591,2026-06-04 17:25:00,264,SMS,Delhi
CDR00604,SUS0110,+91-9963919401,SUS0030,+91-9907308348,2026-05-06 05:43:45,1697,Data,Pune
CDR00605,SUS0145,+91-9408246619,SUS0075,+91-9612957813,2026-06-25 09:32:15,1262,SMS,Surat
CDR00606,SUS0142,+91-9374843786,SUS0090,+91-9618079974,2026-05-12 22:28:00,756,Data,Ahmedabad
CDR00607,SUS0028,+91-9711684318,SUS0129,+91-9340781088,2026-04-22 17:02:30,1716,Voice,Patna
CDR00608,SUS0108,+91-9679184667,SUS0095,+91-9235555899,2026-02-11 03:58:15,1229,Voice,Mumbai
CDR00609,SUS0022,+91-9881913386,SUS0127,+91-9729712082,2026-06-10 22:56:00,1600,Voice,Chandigarh
CDR00610,SUS0047,+91-9906528433,SUS0131,+91-9393421844,2026-03-23 16:08:15,438,Data,Ahmedabad
CDR00611,SUS0058,+91-9811890569,SUS0111,+91-9821920438,2026-03-10 06:57:30,934,Voice,Chandigarh
CDR00612,SUS0056,+91-9888807316,SUS0063,+91-9841541582,2026-07-03 05:11:30,1327,SMS,Ranchi
CDR00613,SUS0020,+91-9242068763,SUS0109,+91-9463692735,2026-02-20 14:03:30,606,Voice,Ranchi
CDR00614,SUS0115,+91-9497853519,SUS0113,+91-9426808977,2026-08-09 13:12:00,1026,Data,Mumbai
CDR00615,SUS0061,+91-9608482316,SUS0011,+91-9197613238,2026-04-01 09:42:45,1655,Voice,Bhopal
CDR00616,SUS0089,+91-9221827951,SUS0112,+91-9337691219,2026-06-09 03:56:30,180,Data,Chandigarh
CDR00617,SUS0025,+91-9519212169,SUS0018,+91-9584779555,2026-06-13 10:13:45,667,Voice,Patna
CDR00618,SUS0094,+91-9899621068,SUS0054,+91-9600282414,2026-03-15 08:39:45,477,SMS,Delhi
CDR00619,SUS0013,+91-9566825638,SUS0068,+91-9480990401,2026-03-26 07:05:45,1465,Data,Ranchi
CDR00620,SUS0087,+91-9301415220,SUS0088,+91-9570423569,2026-02-15 17:01:15,822,Voice,Chandigarh
CDR00621,SUS0114,+91-9880179899,SUS0111,+91-9821920438,2026-01-23 10:18:30,1008,SMS,Lucknow
CDR00622,SUS0118,+91-9350180427,SUS0045,+91-9995205588,2026-04-24 08:00:30,948,Data,Nagpur
CDR00623,SUS0110,+91-9963919401,SUS0126,+91-9609241268,2026-07-28 00:18:45,900,SMS,Ranchi
CDR00624,SUS0146,+91-9969533218,SUS0046,+91-9952266893,2026-02-03 07:15:15,1671,SMS,Surat
CDR00625,SUS0127,+91-9729712082,SUS0043,+91-9175133802,2026-04-13 13:07:45,1472,Data,Ahmedabad
CDR00626,SUS0150,+91-9804433388,SUS0029,+91-9319321646,2026-01-06 22:50:45,1376,Voice,Kanpur
CDR00627,SUS0058,+91-9811890569,SUS0013,+91-9566825638,2026-02-23 14:32:00,322,Voice,Ranchi
CDR00628,SUS0140,+91-9529979713,SUS0057,+91-9829223044,2026-08-19 09:06:15,1465,SMS,Kanpur
CDR00629,SUS0135,+91-9219066986,SUS0112,+91-9337691219,2026-01-21 07:47:00,1622,Voice,Nagpur
CDR00630,SUS0026,+91-9418587604,SUS0090,+91-9618079974,2026-01-28 08:01:00,67,Voice,Bhopal
CDR00631,SUS0013,+91-9566825638,SUS0068,+91-9480990401,2026-06-13 10:13:15,1201,Voice,Nagpur
CDR00632,SUS0119,+91-9218032515,SUS0132,+91-9895609471,2026-02-17 19:23:00,1068,Data,Delhi
CDR00633,SUS0045,+91-9995205588,SUS0099,+91-9855797020,2026-06-11 01:24:45,1771,SMS,Pune
CDR00634,SUS0025,+91-9519212169,SUS0016,+91-9621828280,2026-06-19 08:00:15,490,Voice,Patna
CDR00635,SUS0146,+91-9969533218,SUS0034,+91-9554811020,2026-01-13 05:20:15,1103,Voice,Kanpur
CDR00636,SUS0102,+91-9599561877,SUS0001,+91-9826600539,2026-01-20 17:59:45,1789,SMS,Bhopal
CDR00637,SUS0083,+91-9748232591,SUS0002,+91-9868820204,2026-01-13 08:25:45,1242,Voice,Bhopal
CDR00638,SUS0005,+91-9764130526,SUS0020,+91-9242068763,2026-07-18 14:01:00,534,SMS,Lucknow
CDR00639,SUS0095,+91-9235555899,SUS0105,+91-9900122509,2026-08-03 15:45:45,530,Data,Ahmedabad
CDR00640,SUS0114,+91-9880179899,SUS0146,+91-9969533218,2026-05-04 23:12:45,558,Voice,Patna
CDR00641,SUS0052,+91-9659741412,SUS0130,+91-9924024405,2026-06-24 22:38:45,1520,SMS,Nagpur
CDR00642,SUS0095,+91-9235555899,SUS0030,+91-9907308348,2026-07-25 17:19:45,1216,Voice,Ranchi
CDR00643,SUS0073,+91-9115191689,SUS0120,+91-9156263020,2026-04-10 22:05:30,707,Voice,Mumbai
CDR00644,SUS0132,+91-9895609471,SUS0079,+91-9583724666,2026-03-22 18:46:15,153,Voice,Jaipur
CDR00645,SUS0035,+91-9559225330,SUS0014,+91-9420452650,2026-01-19 05:35:30,1575,Voice,Delhi
CDR00646,SUS0091,+91-9396618390,SUS0150,+91-9804433388,2026-03-08 17:27:45,1533,Voice,Lucknow
CDR00647,SUS0096,+91-9540211187,SUS0020,+91-9242068763,2026-03-10 01:35:00,527,Voice,Nagpur
CDR00648,SUS0126,+91-9609241268,SUS0081,+91-9987588450,2026-06-24 10:25:30,1148,Data,Mumbai
CDR00649,SUS0030,+91-9907308348,SUS0012,+91-9739830322,2026-06-19 15:20:15,1217,Data,Kanpur
CDR00650,SUS0020,+91-9242068763,SUS0112,+91-9337691219,2026-08-22 06:08:00,678,Data,Jaipur
CDR00651,SUS0073,+91-9115191689,SUS0112,+91-9337691219,2026-08-07 00:26:45,1263,SMS,Nagpur
CDR00652,SUS0149,+91-9877103091,SUS0036,+91-9144913399,2026-01-18 03:36:00,1732,Voice,Pune
CDR00653,SUS0048,+91-9925159146,SUS0003,+91-9271432881,2026-04-15 02:51:15,456,SMS,Ranchi
CDR00654,SUS0054,+91-9600282414,SUS0141,+91-9222435172,2026-04-23 17:49:15,727,Voice,Chandigarh
CDR00655,SUS0084,+91-9799552991,SUS0059,+91-9450948014,2026-04-23 07:14:30,711,SMS,Bhopal
CDR00656,SUS0049,+91-9926830795,SUS0136,+91-9158821683,2026-08-20 16:12:00,555,Data,Chandigarh
CDR00657,SUS0094,+91-9899621068,SUS0120,+91-9156263020,2026-02-22 06:28:30,1737,SMS,Bhopal
CDR00658,SUS0020,+91-9242068763,SUS0109,+91-9463692735,2026-02-17 04:13:00,1601,Data,Ranchi
CDR00659,SUS0054,+91-9600282414,SUS0022,+91-9881913386,2026-03-05 15:49:15,1161,Voice,Kanpur
CDR00660,SUS0044,+91-9848621833,SUS0082,+91-9851333320,2026-04-21 06:33:15,1423,Voice,Nagpur
CDR00661,SUS0069,+91-9536398872,SUS0148,+91-9403754671,2026-08-16 18:40:00,1521,Voice,Ahmedabad
CDR00662,SUS0066,+91-9677858758,SUS0009,+91-9326541099,2026-03-04 21:21:15,683,SMS,Surat
CDR00663,SUS0097,+91-9452794611,SUS0018,+91-9584779555,2026-07-01 00:00:45,1165,SMS,Ranchi
CDR00664,SUS0137,+91-9288650860,SUS0062,+91-9275842194,2026-01-28 09:40:30,237,SMS,Surat
CDR00665,SUS0024,+91-9909134796,SUS0085,+91-9212313264,2026-02-24 23:48:00,1473,Voice,Surat
CDR00666,SUS0129,+91-9340781088,SUS0103,+91-9590523712,2026-05-10 16:14:15,928,Data,Pune
CDR00667,SUS0034,+91-9554811020,SUS0130,+91-9924024405,2026-03-07 23:17:15,1329,Data,Surat
CDR00668,SUS0068,+91-9480990401,SUS0049,+91-9926830795,2026-04-18 10:28:00,483,Data,Bhopal
CDR00669,SUS0049,+91-9926830795,SUS0005,+91-9764130526,2026-08-19 05:19:45,1444,Data,Indore
CDR00670,SUS0010,+91-9899925830,SUS0017,+91-9751325257,2026-08-15 06:18:15,1730,SMS,Pune
CDR00671,SUS0096,+91-9540211187,SUS0081,+91-9987588450,2026-04-19 08:41:15,1576,Data,Mumbai
CDR00672,SUS0054,+91-9600282414,SUS0141,+91-9222435172,2026-07-25 14:45:45,1311,Voice,Indore
CDR00673,SUS0029,+91-9319321646,SUS0055,+91-9922050912,2026-03-18 00:51:00,1510,Data,Ahmedabad
CDR00674,SUS0109,+91-9463692735,SUS0113,+91-9426808977,2026-05-16 11:58:00,1087,Voice,Patna
CDR00675,SUS0074,+91-9908304440,SUS0017,+91-9751325257,2026-01-27 22:06:45,702,SMS,Chandigarh
CDR00676,SUS0078,+91-9323110563,SUS0016,+91-9621828280,2026-07-19 01:09:15,134,Voice,Ahmedabad
CDR00677,SUS0150,+91-9804433388,SUS0032,+91-9695499669,2026-01-20 00:53:30,510,Voice,Surat
CDR00678,SUS0134,+91-9392168202,SUS0045,+91-9995205588,2026-01-23 22:25:00,400,SMS,Kanpur
CDR00679,SUS0032,+91-9695499669,SUS0014,+91-9420452650,2026-07-27 04:01:30,1642,Data,Nagpur
CDR00680,SUS0019,+91-9860038427,SUS0096,+91-9540211187,2026-07-03 22:28:15,1642,Voice,Bhopal
CDR00681,SUS0003,+91-9271432881,SUS0058,+91-9811890569,2026-08-18 10:06:00,1034,SMS,Amritsar
CDR00682,SUS0026,+91-9418587604,SUS0108,+91-9679184667,2026-07-26 01:29:45,926,Data,Patna
CDR00683,SUS0073,+91-9115191689,SUS0054,+91-9600282414,2026-07-10 18:11:45,729,Voice,Chandigarh
CDR00684,SUS0028,+91-9711684318,SUS0064,+91-9810303128,2026-06-27 17:57:15,648,SMS,Mumbai
CDR00685,SUS0015,+91-9624636385,SUS0089,+91-9221827951,2026-07-28 21:25:00,724,Voice,Bhopal
CDR00686,SUS0053,+91-9679984033,SUS0082,+91-9851333320,2026-01-13 23:39:15,1153,Voice,Delhi
CDR00687,SUS0052,+91-9659741412,SUS0054,+91-9600282414,2026-01-28 23:08:45,1370,Voice,Ahmedabad
CDR00688,SUS0083,+91-9748232591,SUS0123,+91-9395296179,2026-03-21 20:17:30,934,Voice,Ranchi
CDR00689,SUS0042,+91-9649136331,SUS0101,+91-9358589021,2026-05-18 16:08:15,1466,SMS,Chandigarh
CDR00690,SUS0109,+91-9463692735,SUS0003,+91-9271432881,2026-07-11 11:08:00,1112,Voice,Chandigarh
CDR00691,SUS0132,+91-9895609471,SUS0014,+91-9420452650,2026-04-26 13:27:00,347,SMS,Pune
CDR00692,SUS0087,+91-9301415220,SUS0009,+91-9326541099,2026-04-01 11:48:45,840,Voice,Kanpur
CDR00693,SUS0099,+91-9855797020,SUS0052,+91-9659741412,2026-04-21 21:06:15,311,SMS,Indore
CDR00694,SUS0062,+91-9275842194,SUS0129,+91-9340781088,2026-01-25 09:53:45,153,Voice,Indore
CDR00695,SUS0092,+91-9722687986,SUS0134,+91-9392168202,2026-08-20 15:06:00,1367,Voice,Lucknow
CDR00696,SUS0081,+91-9987588450,SUS0111,+91-9821920438,2026-01-13 19:02:45,77,SMS,Lucknow
CDR00697,SUS0142,+91-9374843786,SUS0108,+91-9679184667,2026-06-17 11:25:45,790,Data,Indore
CDR00698,SUS0049,+91-9926830795,SUS0104,+91-9417001612,2026-04-16 03:39:15,755,Voice,Nagpur
CDR00699,SUS0111,+91-9821920438,SUS0150,+91-9804433388,2026-08-28 01:19:45,1732,Data,Pune
CDR00700,SUS0053,+91-9679984033,SUS0035,+91-9559225330,2026-04-14 15:18:15,1589,SMS,Amritsar
CDR00701,SUS0021,+91-9807577342,SUS0146,+91-9969533218,2026-02-12 19:58:15,1767,SMS,Pune
CDR00702,SUS0065,+91-9488896443,SUS0063,+91-9841541582,2026-06-20 20:42:00,825,Voice,Ahmedabad
CDR00703,SUS0146,+91-9969533218,SUS0021,+91-9807577342,2026-05-23 20:36:00,1304,Voice,Ranchi
CDR00704,SUS0042,+91-9649136331,SUS0139,+91-9534900128,2026-05-25 10:37:45,1651,SMS,Pune
CDR00705,SUS0103,+91-9590523712,SUS0055,+91-9922050912,2026-06-12 22:45:15,1202,Voice,Lucknow
CDR00706,SUS0042,+91-9649136331,SUS0054,+91-9600282414,2026-03-01 11:38:45,947,SMS,Mumbai
CDR00707,SUS0098,+91-9138546365,SUS0066,+91-9677858758,2026-02-05 18:01:45,1114,Voice,Mumbai
CDR00708,SUS0121,+91-9337887233,SUS0114,+91-9880179899,2026-07-25 11:08:15,529,Voice,Kanpur
CDR00709,SUS0072,+91-9893070706,SUS0123,+91-9395296179,2026-04-16 07:35:00,883,SMS,Ranchi
CDR00710,SUS0148,+91-9403754671,SUS0069,+91-9536398872,2026-06-21 11:49:15,688,SMS,Indore
CDR00711,SUS0112,+91-9337691219,SUS0120,+91-9156263020,2026-06-06 21:43:15,565,Voice,Nagpur
CDR00712,SUS0088,+91-9570423569,SUS0082,+91-9851333320,2026-02-06 23:50:15,1153,SMS,Indore
CDR00713,SUS0029,+91-9319321646,SUS0055,+91-9922050912,2026-08-01 17:55:45,834,SMS,Patna
CDR00714,SUS0070,+91-9361246928,SUS0092,+91-9722687986,2026-01-20 09:31:15,34,Voice,Nagpur
CDR00715,SUS0028,+91-9711684318,SUS0129,+91-9340781088,2026-07-07 07:32:00,267,Voice,Chandigarh
CDR00716,SUS0069,+91-9536398872,SUS0023,+91-9596743109,2026-03-18 21:17:15,1799,SMS,Amritsar
CDR00717,SUS0056,+91-9888807316,SUS0133,+91-9874807770,2026-01-11 01:57:15,1197,Voice,Chandigarh
CDR00718,SUS0041,+91-9223847257,SUS0148,+91-9403754671,2026-03-18 04:29:30,963,Voice,Surat
CDR00719,SUS0054,+91-9600282414,SUS0016,+91-9621828280,2026-05-25 07:17:00,121,SMS,Lucknow
CDR00720,SUS0073,+91-9115191689,SUS0120,+91-9156263020,2026-03-26 07:58:15,1283,SMS,Mumbai
CDR00721,SUS0091,+91-9396618390,SUS0078,+91-9323110563,2026-05-22 11:01:30,1006,Voice,Lucknow
CDR00722,SUS0113,+91-9426808977,SUS0115,+91-9497853519,2026-06-28 08:31:30,1006,SMS,Ahmedabad
CDR00723,SUS0150,+91-9804433388,SUS0149,+91-9877103091,2026-05-14 17:14:15,769,SMS,Pune
CDR00724,SUS0024,+91-9909134796,SUS0092,+91-9722687986,2026-06-01 03:10:45,35,SMS,Ahmedabad
CDR00725,SUS0085,+91-9212313264,SUS0123,+91-9395296179,2026-08-04 07:15:30,830,Voice,Bhopal
CDR00726,SUS0147,+91-9190547712,SUS0084,+91-9799552991,2026-08-01 08:11:00,959,SMS,Surat
CDR00727,SUS0033,+91-9749431082,SUS0083,+91-9748232591,2026-06-02 12:38:15,1398,Voice,Amritsar
CDR00728,SUS0113,+91-9426808977,SUS0140,+91-9529979713,2026-01-07 23:40:45,1134,Voice,Lucknow
CDR00729,SUS0122,+91-9531233244,SUS0022,+91-9881913386,2026-05-19 21:50:15,1429,Data,Jaipur
CDR00730,SUS0080,+91-9350636897,SUS0036,+91-9144913399,2026-01-23 11:33:45,110,Voice,Bhopal
CDR00731,SUS0146,+91-9969533218,SUS0063,+91-9841541582,2026-01-23 01:40:15,781,SMS,Bhopal
CDR00732,SUS0069,+91-9536398872,SUS0020,+91-9242068763,2026-02-16 11:51:00,875,Voice,Delhi
CDR00733,SUS0003,+91-9271432881,SUS0136,+91-9158821683,2026-03-27 23:34:15,1203,Data,Nagpur
CDR00734,SUS0085,+91-9212313264,SUS0046,+91-9952266893,2026-06-04 16:58:00,845,Voice,Delhi
CDR00735,SUS0132,+91-9895609471,SUS0014,+91-9420452650,2026-07-15 07:47:30,1643,Voice,Patna
CDR00736,SUS0066,+91-9677858758,SUS0043,+91-9175133802,2026-07-27 03:15:45,487,SMS,Amritsar
CDR00737,SUS0113,+91-9426808977,SUS0086,+91-9437710224,2026-02-25 17:54:45,826,SMS,Nagpur
CDR00738,SUS0135,+91-9219066986,SUS0120,+91-9156263020,2026-07-26 22:53:00,1117,SMS,Ahmedabad
CDR00739,SUS0011,+91-9197613238,SUS0073,+91-9115191689,2026-05-19 12:17:15,71,SMS,Jaipur
CDR00740,SUS0019,+91-9860038427,SUS0109,+91-9463692735,2026-04-07 11:52:45,1540,Voice,Mumbai
CDR00741,SUS0056,+91-9888807316,SUS0063,+91-9841541582,2026-01-13 06:04:15,403,Voice,Surat
CDR00742,SUS0122,+91-9531233244,SUS0126,+91-9609241268,2026-08-01 16:38:15,94,Data,Ahmedabad
CDR00743,SUS0073,+91-9115191689,SUS0011,+91-9197613238,2026-01-20 07:37:30,1608,Voice,Jaipur
CDR00744,SUS0069,+91-9536398872,SUS0041,+91-9223847257,2026-01-11 16:35:15,1653,Voice,Chandigarh
CDR00745,SUS0129,+91-9340781088,SUS0071,+91-9587205269,2026-02-27 20:27:30,89,Data,Nagpur
CDR00746,SUS0097,+91-9452794611,SUS0148,+91-9403754671,2026-04-05 23:20:15,1743,Voice,Ranchi
CDR00747,SUS0097,+91-9452794611,SUS0131,+91-9393421844,2026-02-21 02:40:45,1356,Voice,Chandigarh
CDR00748,SUS0032,+91-9695499669,SUS0034,+91-9554811020,2026-04-12 12:33:00,1217,Data,Pune
CDR00749,SUS0115,+91-9497853519,SUS0104,+91-9417001612,2026-01-02 18:18:45,1151,Voice,Lucknow
CDR00750,SUS0073,+91-9115191689,SUS0017,+91-9751325257,2026-03-15 01:35:30,1562,SMS,Nagpur
CDR00751,SUS0081,+91-9987588450,SUS0039,+91-9141580226,2026-04-08 12:03:15,1742,Data,Patna
CDR00752,SUS0029,+91-9319321646,SUS0051,+91-9688273030,2026-08-14 04:17:15,1090,Voice,Patna
CDR00753,SUS0051,+91-9688273030,SUS0045,+91-9995205588,2026-03-23 16:00:30,1321,SMS,Bhopal
CDR00754,SUS0027,+91-9670292350,SUS0109,+91-9463692735,2026-04-20 00:20:00,118,Voice,Lucknow
CDR00755,SUS0030,+91-9907308348,SUS0107,+91-9135824891,2026-07-28 21:17:45,1060,SMS,Mumbai
CDR00756,SUS0047,+91-9906528433,SUS0010,+91-9899925830,2026-04-08 21:30:15,1195,SMS,Mumbai
CDR00757,SUS0030,+91-9907308348,SUS0131,+91-9393421844,2026-03-09 13:07:30,1212,Voice,Mumbai
CDR00758,SUS0090,+91-9618079974,SUS0080,+91-9350636897,2026-07-20 11:01:30,727,Data,Chandigarh
CDR00759,SUS0003,+91-9271432881,SUS0109,+91-9463692735,2026-07-04 14:23:00,10,Voice,Chandigarh
CDR00760,SUS0088,+91-9570423569,SUS0070,+91-9361246928,2026-02-06 11:38:15,459,Voice,Chandigarh
CDR00761,SUS0117,+91-9458102728,SUS0011,+91-9197613238,2026-07-09 18:59:30,512,Voice,Surat
CDR00762,SUS0121,+91-9337887233,SUS0046,+91-9952266893,2026-06-02 11:14:15,335,Voice,Ahmedabad
CDR00763,SUS0054,+91-9600282414,SUS0042,+91-9649136331,2026-06-10 18:02:00,341,SMS,Delhi
CDR00764,SUS0129,+91-9340781088,SUS0128,+91-9874233009,2026-02-07 23:16:45,1679,Voice,Ahmedabad
CDR00765,SUS0137,+91-9288650860,SUS0021,+91-9807577342,2026-08-06 03:23:30,1516,Voice,Jaipur
CDR00766,SUS0127,+91-9729712082,SUS0080,+91-9350636897,2026-03-24 11:24:45,470,SMS,Amritsar
CDR00767,SUS0006,+91-9208449460,SUS0017,+91-9751325257,2026-04-08 16:34:00,779,Voice,Ranchi
CDR00768,SUS0149,+91-9877103091,SUS0150,+91-9804433388,2026-03-26 21:46:30,448,Voice,Pune
CDR00769,SUS0140,+91-9529979713,SUS0069,+91-9536398872,2026-04-07 06:12:00,702,SMS,Patna
CDR00770,SUS0107,+91-9135824891,SUS0118,+91-9350180427,2026-08-22 15:44:30,268,SMS,Lucknow
CDR00771,SUS0046,+91-9952266893,SUS0068,+91-9480990401,2026-02-10 19:33:30,1745,Voice,Ranchi
CDR00772,SUS0101,+91-9358589021,SUS0083,+91-9748232591,2026-07-20 01:49:45,405,Voice,Ranchi
CDR00773,SUS0125,+91-9586940738,SUS0091,+91-9396618390,2026-06-06 05:01:45,223,SMS,Bhopal
CDR00774,SUS0136,+91-9158821683,SUS0082,+91-9851333320,2026-05-17 19:32:15,1659,SMS,Nagpur
CDR00775,SUS0118,+91-9350180427,SUS0117,+91-9458102728,2026-05-19 09:14:15,1668,SMS,Mumbai
CDR00776,SUS0113,+91-9426808977,SUS0115,+91-9497853519,2026-03-02 01:29:00,690,Voice,Ahmedabad
CDR00777,SUS0101,+91-9358589021,SUS0123,+91-9395296179,2026-04-24 12:26:15,137,Voice,Chandigarh
CDR00778,SUS0109,+91-9463692735,SUS0145,+91-9408246619,2026-04-02 20:14:45,163,Voice,Bhopal
CDR00779,SUS0125,+91-9586940738,SUS0039,+91-9141580226,2026-04-03 23:28:45,1556,Voice,Surat
CDR00780,SUS0031,+91-9173864104,SUS0093,+91-9445505799,2026-07-06 13:01:30,1197,Voice,Chandigarh
CDR00781,SUS0081,+91-9987588450,SUS0023,+91-9596743109,2026-03-28 06:00:00,1076,Data,Jaipur
CDR00782,SUS0138,+91-9896760809,SUS0143,+91-9706118438,2026-06-12 09:04:00,267,Voice,Patna
CDR00783,SUS0010,+91-9899925830,SUS0114,+91-9880179899,2026-04-04 21:20:00,1528,Data,Delhi
CDR00784,SUS0133,+91-9874807770,SUS0090,+91-9618079974,2026-06-12 07:04:15,280,Voice,Delhi
CDR00785,SUS0086,+91-9437710224,SUS0042,+91-9649136331,2026-07-13 23:15:30,756,SMS,Mumbai
CDR00786,SUS0114,+91-9880179899,SUS0075,+91-9612957813,2026-06-27 05:45:00,465,Voice,Ahmedabad
CDR00787,SUS0097,+91-9452794611,SUS0148,+91-9403754671,2026-03-22 20:55:45,273,Voice,Amritsar
CDR00788,SUS0068,+91-9480990401,SUS0013,+91-9566825638,2026-01-15 09:28:15,1625,SMS,Jaipur
CDR00789,SUS0046,+91-9952266893,SUS0146,+91-9969533218,2026-07-09 07:28:45,623,SMS,Surat
CDR00790,SUS0044,+91-9848621833,SUS0136,+91-9158821683,2026-01-25 23:12:15,1574,Voice,Delhi
CDR00791,SUS0090,+91-9618079974,SUS0080,+91-9350636897,2026-05-05 09:06:15,685,Voice,Kanpur
CDR00792,SUS0108,+91-9679184667,SUS0090,+91-9618079974,2026-05-27 00:22:15,1459,SMS,Bhopal
CDR00793,SUS0066,+91-9677858758,SUS0026,+91-9418587604,2026-02-06 20:01:15,515,Voice,Nagpur
CDR00794,SUS0150,+91-9804433388,SUS0037,+91-9701170349,2026-04-07 23:47:45,586,Voice,Delhi
CDR00795,SUS0025,+91-9519212169,SUS0104,+91-9417001612,2026-06-09 14:02:15,832,Voice,Indore
CDR00796,SUS0007,+91-9833953718,SUS0100,+91-9562446417,2026-05-01 23:09:30,1569,SMS,Jaipur
CDR00797,SUS0016,+91-9621828280,SUS0059,+91-9450948014,2026-01-19 21:14:45,1304,Voice,Mumbai
CDR00798,SUS0064,+91-9810303128,SUS0105,+91-9900122509,2026-04-11 04:34:00,403,Voice,Mumbai
CDR00799,SUS0041,+91-9223847257,SUS0059,+91-9450948014,2026-07-03 11:06:00,1571,Voice,Ahmedabad
CDR00800,SUS0002,+91-9868820204,SUS0127,+91-9729712082,2026-07-04 19:49:00,685,SMS,Ranchi
CDR00801,SUS0063,+91-9841541582,SUS0139,+91-9534900128,2026-06-22 03:56:30,1762,Voice,Pune
CDR00802,SUS0128,+91-9874233009,SUS0051,+91-9688273030,2026-06-24 10:44:45,366,SMS,Jaipur
CDR00803,SUS0034,+91-9554811020,SUS0074,+91-9908304440,2026-02-18 15:40:15,1567,Voice,Ahmedabad
CDR00804,SUS0104,+91-9417001612,SUS0005,+91-9764130526,2026-07-22 20:16:45,1221,Voice,Bhopal
CDR00805,SUS0062,+91-9275842194,SUS0071,+91-9587205269,2026-04-16 13:13:30,1132,Voice,Nagpur
CDR00806,SUS0115,+91-9497853519,SUS0063,+91-9841541582,2026-03-09 18:58:00,1627,SMS,Patna
CDR00807,SUS0001,+91-9826600539,SUS0085,+91-9212313264,2026-03-05 16:57:15,41,Voice,Kanpur
CDR00808,SUS0054,+91-9600282414,SUS0074,+91-9908304440,2026-01-01 03:35:15,18,Data,Bhopal
CDR00809,SUS0149,+91-9877103091,SUS0116,+91-9396225446,2026-07-06 23:41:00,344,SMS,Jaipur
CDR00810,SUS0121,+91-9337887233,SUS0125,+91-9586940738,2026-07-16 10:13:30,635,Data,Lucknow
CDR00811,SUS0099,+91-9855797020,SUS0045,+91-9995205588,2026-02-20 15:24:00,1007,SMS,Jaipur
CDR00812,SUS0145,+91-9408246619,SUS0077,+91-9508427798,2026-05-08 11:33:45,1407,SMS,Chandigarh
CDR00813,SUS0054,+91-9600282414,SUS0117,+91-9458102728,2026-06-03 17:11:00,652,Voice,Bhopal
CDR00814,SUS0112,+91-9337691219,SUS0120,+91-9156263020,2026-06-03 13:03:00,1724,SMS,Nagpur
CDR00815,SUS0055,+91-9922050912,SUS0137,+91-9288650860,2026-02-22 08:43:45,40,SMS,Chandigarh
CDR00816,SUS0077,+91-9508427798,SUS0110,+91-9963919401,2026-05-26 09:43:15,777,Voice,Chandigarh
CDR00817,SUS0146,+91-9969533218,SUS0114,+91-9880179899,2026-07-06 21:54:30,406,Voice,Lucknow
CDR00818,SUS0011,+91-9197613238,SUS0061,+91-9608482316,2026-03-28 16:41:45,1517,Voice,Kanpur
CDR00819,SUS0030,+91-9907308348,SUS0095,+91-9235555899,2026-04-08 19:45:45,287,SMS,Kanpur
CDR00820,SUS0146,+91-9969533218,SUS0050,+91-9960514523,2026-04-08 01:56:30,1362,Voice,Jaipur
CDR00821,SUS0019,+91-9860038427,SUS0005,+91-9764130526,2026-03-15 07:18:30,932,Voice,Kanpur
CDR00822,SUS0106,+91-9874090950,SUS0126,+91-9609241268,2026-05-07 08:32:30,238,Voice,Delhi
CDR00823,SUS0111,+91-9821920438,SUS0150,+91-9804433388,2026-08-12 07:04:15,741,SMS,Ahmedabad
CDR00824,SUS0070,+91-9361246928,SUS0088,+91-9570423569,2026-05-28 00:42:30,1780,Voice,Mumbai
CDR00825,SUS0110,+91-9963919401,SUS0114,+91-9880179899,2026-07-01 15:00:00,431,Voice,Delhi
CDR00826,SUS0050,+91-9960514523,SUS0106,+91-9874090950,2026-08-18 08:07:45,851,Voice,Nagpur
CDR00827,SUS0146,+91-9969533218,SUS0145,+91-9408246619,2026-06-22 05:25:30,1685,Voice,Amritsar
CDR00828,SUS0046,+91-9952266893,SUS0114,+91-9880179899,2026-08-18 12:20:00,1427,SMS,Nagpur
CDR00829,SUS0078,+91-9323110563,SUS0150,+91-9804433388,2026-01-13 01:50:15,1067,Voice,Surat
CDR00830,SUS0102,+91-9599561877,SUS0001,+91-9826600539,2026-06-23 15:48:30,332,Voice,Nagpur
CDR00831,SUS0093,+91-9445505799,SUS0006,+91-9208449460,2026-03-25 03:04:00,1124,SMS,Chandigarh
CDR00832,SUS0087,+91-9301415220,SUS0147,+91-9190547712,2026-02-05 12:15:45,1057,Voice,Surat
CDR00833,SUS0058,+91-9811890569,SUS0029,+91-9319321646,2026-03-16 21:14:45,360,Voice,Bhopal
CDR00834,SUS0077,+91-9508427798,SUS0133,+91-9874807770,2026-08-19 01:23:30,843,Data,Chandigarh
CDR00835,SUS0026,+91-9418587604,SUS0029,+91-9319321646,2026-03-26 13:24:45,842,SMS,Pune
CDR00836,SUS0126,+91-9609241268,SUS0143,+91-9706118438,2026-07-21 00:20:30,1395,Voice,Surat
CDR00837,SUS0094,+91-9899621068,SUS0112,+91-9337691219,2026-05-17 07:57:45,908,SMS,Nagpur
CDR00838,SUS0046,+91-9952266893,SUS0069,+91-9536398872,2026-01-21 10:04:30,1380,Voice,Mumbai
CDR00839,SUS0131,+91-9393421844,SUS0142,+91-9374843786,2026-06-05 18:27:45,40,Voice,Nagpur
CDR00840,SUS0136,+91-9158821683,SUS0049,+91-9926830795,2026-03-02 06:36:00,1091,SMS,Jaipur
CDR00841,SUS0065,+91-9488896443,SUS0057,+91-9829223044,2026-05-06 19:49:00,1419,Voice,Lucknow
CDR00842,SUS0060,+91-9475767056,SUS0012,+91-9739830322,2026-03-05 12:18:45,1593,Voice,Bhopal
CDR00843,SUS0076,+91-9704344408,SUS0094,+91-9899621068,2026-05-02 21:38:00,706,Data,Pune
CDR00844,SUS0114,+91-9880179899,SUS0068,+91-9480990401,2026-08-08 21:32:45,225,Voice,Jaipur
CDR00845,SUS0041,+91-9223847257,SUS0084,+91-9799552991,2026-05-13 09:38:00,951,Data,Indore
CDR00846,SUS0042,+91-9649136331,SUS0140,+91-9529979713,2026-02-23 17:12:45,516,Voice,Chandigarh
CDR00847,SUS0025,+91-9519212169,SUS0042,+91-9649136331,2026-08-09 09:23:15,1338,Voice,Nagpur
CDR00848,SUS0008,+91-9787194506,SUS0061,+91-9608482316,2026-08-03 17:28:30,766,Data,Chandigarh
CDR00849,SUS0024,+91-9909134796,SUS0147,+91-9190547712,2026-07-25 10:16:15,407,SMS,Jaipur
CDR00850,SUS0101,+91-9358589021,SUS0123,+91-9395296179,2026-05-18 22:45:00,1776,Voice,Bhopal
CDR00851,SUS0125,+91-9586940738,SUS0085,+91-9212313264,2026-03-27 05:34:45,622,Voice,Jaipur
CDR00852,SUS0077,+91-9508427798,SUS0133,+91-9874807770,2026-05-11 15:25:00,1798,Data,Chandigarh
CDR00853,SUS0028,+91-9711684318,SUS0105,+91-9900122509,2026-02-16 07:11:30,1786,SMS,Mumbai
CDR00854,SUS0085,+91-9212313264,SUS0114,+91-9880179899,2026-01-06 23:26:45,1698,Voice,Bhopal
CDR00855,SUS0061,+91-9608482316,SUS0003,+91-9271432881,2026-04-06 06:32:30,778,SMS,Surat
CDR00856,SUS0026,+91-9418587604,SUS0121,+91-9337887233,2026-06-26 21:06:15,776,Voice,Chandigarh
CDR00857,SUS0104,+91-9417001612,SUS0140,+91-9529979713,2026-08-17 13:39:45,777,Voice,Indore
CDR00858,SUS0091,+91-9396618390,SUS0025,+91-9519212169,2026-03-20 17:45:15,1070,Voice,Bhopal
CDR00859,SUS0004,+91-9469319644,SUS0007,+91-9833953718,2026-06-10 21:18:15,62,SMS,Pune
CDR00860,SUS0108,+91-9679184667,SUS0098,+91-9138546365,2026-08-07 03:29:30,412,SMS,Chandigarh
CDR00861,SUS0023,+91-9596743109,SUS0096,+91-9540211187,2026-05-18 10:25:45,1163,SMS,Chandigarh
CDR00862,SUS0098,+91-9138546365,SUS0066,+91-9677858758,2026-07-27 18:10:45,1537,Voice,Kanpur
CDR00863,SUS0139,+91-9534900128,SUS0018,+91-9584779555,2026-07-18 13:53:15,914,Voice,Kanpur
CDR00864,SUS0006,+91-9208449460,SUS0093,+91-9445505799,2026-07-14 23:27:30,304,Voice,Ahmedabad
CDR00865,SUS0015,+91-9624636385,SUS0048,+91-9925159146,2026-06-21 19:43:45,827,SMS,Ahmedabad
CDR00866,SUS0013,+91-9566825638,SUS0118,+91-9350180427,2026-01-19 02:36:00,1691,Voice,Indore
CDR00867,SUS0072,+91-9893070706,SUS0036,+91-9144913399,2026-02-06 21:13:30,405,SMS,Patna
CDR00868,SUS0030,+91-9907308348,SUS0010,+91-9899925830,2026-05-17 06:29:45,663,SMS,Amritsar
CDR00869,SUS0070,+91-9361246928,SUS0115,+91-9497853519,2026-08-06 17:23:00,289,Data,Mumbai
CDR00870,SUS0024,+91-9909134796,SUS0065,+91-9488896443,2026-02-12 11:56:30,677,SMS,Nagpur
CDR00871,SUS0112,+91-9337691219,SUS0061,+91-9608482316,2026-02-03 19:28:15,388,Voice,Amritsar
CDR00872,SUS0116,+91-9396225446,SUS0093,+91-9445505799,2026-06-13 20:07:45,1508,SMS,Ahmedabad
CDR00873,SUS0034,+91-9554811020,SUS0130,+91-9924024405,2026-07-15 04:33:30,648,SMS,Nagpur
CDR00874,SUS0095,+91-9235555899,SUS0126,+91-9609241268,2026-05-18 05:03:15,1397,Voice,Nagpur
CDR00875,SUS0113,+91-9426808977,SUS0065,+91-9488896443,2026-07-15 09:57:45,1628,SMS,Kanpur
CDR00876,SUS0071,+91-9587205269,SUS0036,+91-9144913399,2026-05-07 13:33:15,412,Voice,Bhopal
CDR00877,SUS0041,+91-9223847257,SUS0048,+91-9925159146,2026-05-10 19:13:45,802,Voice,Nagpur
CDR00878,SUS0058,+91-9811890569,SUS0144,+91-9955052486,2026-02-04 18:18:30,293,SMS,Kanpur
CDR00879,SUS0138,+91-9896760809,SUS0083,+91-9748232591,2026-06-22 02:36:00,1499,Voice,Mumbai
CDR00880,SUS0096,+91-9540211187,SUS0118,+91-9350180427,2026-08-12 01:08:30,1382,Voice,Lucknow
CDR00881,SUS0070,+91-9361246928,SUS0024,+91-9909134796,2026-06-28 00:46:15,1269,SMS,Pune
CDR00882,SUS0128,+91-9874233009,SUS0012,+91-9739830322,2026-01-08 04:16:15,785,Voice,Lucknow
CDR00883,SUS0129,+91-9340781088,SUS0128,+91-9874233009,2026-02-07 14:52:15,1629,Voice,Bhopal
CDR00884,SUS0001,+91-9826600539,SUS0136,+91-9158821683,2026-08-02 13:21:30,1721,Voice,Pune
CDR00885,SUS0038,+91-9126614158,SUS0136,+91-9158821683,2026-06-05 07:33:45,1112,SMS,Chandigarh
CDR00886,SUS0046,+91-9952266893,SUS0075,+91-9612957813,2026-06-16 08:32:45,1146,SMS,Ranchi
CDR00887,SUS0040,+91-9399147754,SUS0092,+91-9722687986,2026-06-24 18:56:00,74,SMS,Bhopal
CDR00888,SUS0020,+91-9242068763,SUS0109,+91-9463692735,2026-01-09 02:10:45,930,Voice,Delhi
CDR00889,SUS0118,+91-9350180427,SUS0039,+91-9141580226,2026-05-26 13:38:45,1393,Voice,Indore
CDR00890,SUS0030,+91-9907308348,SUS0012,+91-9739830322,2026-08-03 12:51:30,1268,SMS,Jaipur
CDR00891,SUS0031,+91-9173864104,SUS0067,+91-9584044963,2026-08-01 06:11:30,649,Voice,Nagpur
CDR00892,SUS0062,+91-9275842194,SUS0090,+91-9618079974,2026-08-09 08:33:00,1366,SMS,Bhopal
CDR00893,SUS0073,+91-9115191689,SUS0011,+91-9197613238,2026-07-18 14:30:45,472,Voice,Jaipur
CDR00894,SUS0101,+91-9358589021,SUS0023,+91-9596743109,2026-08-16 13:26:00,1366,SMS,Ranchi
CDR00895,SUS0122,+91-9531233244,SUS0107,+91-9135824891,2026-06-05 12:27:30,1404,Voice,Chandigarh
CDR00896,SUS0140,+91-9529979713,SUS0113,+91-9426808977,2026-06-13 06:36:30,1019,Data,Amritsar
CDR00897,SUS0127,+91-9729712082,SUS0066,+91-9677858758,2026-06-17 09:11:45,1271,Data,Kanpur
CDR00898,SUS0142,+91-9374843786,SUS0107,+91-9135824891,2026-05-17 17:19:45,1178,Voice,Indore
CDR00899,SUS0075,+91-9612957813,SUS0114,+91-9880179899,2026-05-09 03:25:30,1477,SMS,Nagpur
CDR00900,SUS0114,+91-9880179899,SUS0145,+91-9408246619,2026-08-12 06:17:30,233,Data,Lucknow
CDR00901,SUS0116,+91-9396225446,SUS0062,+91-9275842194,2026-05-18 15:07:00,105,Data,Lucknow
CDR00902,SUS0102,+91-9599561877,SUS0034,+91-9554811020,2026-08-25 11:52:45,591,Voice,Jaipur
CDR00903,SUS0135,+91-9219066986,SUS0112,+91-9337691219,2026-05-16 21:45:15,1225,Voice,Jaipur
CDR00904,SUS0029,+91-9319321646,SUS0064,+91-9810303128,2026-02-11 21:39:00,1668,Data,Patna
CDR00905,SUS0122,+91-9531233244,SUS0113,+91-9426808977,2026-06-23 13:55:30,1151,Voice,Ranchi
CDR00906,SUS0140,+91-9529979713,SUS0113,+91-9426808977,2026-01-12 11:29:00,836,Voice,Pune
CDR00907,SUS0146,+91-9969533218,SUS0045,+91-9995205588,2026-04-27 16:35:30,1705,Voice,Kanpur
CDR00908,SUS0066,+91-9677858758,SUS0051,+91-9688273030,2026-07-02 03:36:00,1777,Data,Patna
CDR00909,SUS0126,+91-9609241268,SUS0110,+91-9963919401,2026-05-19 18:46:15,793,Voice,Jaipur
CDR00910,SUS0061,+91-9608482316,SUS0135,+91-9219066986,2026-01-12 12:09:30,887,Voice,Delhi
CDR00911,SUS0037,+91-9701170349,SUS0116,+91-9396225446,2026-08-23 06:41:00,614,Data,Nagpur
CDR00912,SUS0093,+91-9445505799,SUS0036,+91-9144913399,2026-01-12 02:03:45,1253,Voice,Ranchi
CDR00913,SUS0088,+91-9570423569,SUS0080,+91-9350636897,2026-01-12 01:06:30,1704,SMS,Amritsar
CDR00914,SUS0130,+91-9924024405,SUS0103,+91-9590523712,2026-07-25 10:33:30,205,Voice,Ranchi
CDR00915,SUS0016,+91-9621828280,SUS0077,+91-9508427798,2026-05-17 20:43:45,1564,Data,Indore
CDR00916,SUS0041,+91-9223847257,SUS0061,+91-9608482316,2026-02-07 06:18:15,1396,SMS,Kanpur
CDR00917,SUS0126,+91-9609241268,SUS0110,+91-9963919401,2026-06-17 04:27:15,464,Voice,Bhopal
CDR00918,SUS0081,+91-9987588450,SUS0023,+91-9596743109,2026-02-10 10:32:00,1366,SMS,Jaipur
CDR00919,SUS0065,+91-9488896443,SUS0049,+91-9926830795,2026-06-27 16:54:15,614,SMS,Ahmedabad
CDR00920,SUS0145,+91-9408246619,SUS0086,+91-9437710224,2026-05-25 01:54:15,1709,Data,Jaipur
CDR00921,SUS0053,+91-9679984033,SUS0097,+91-9452794611,2026-01-26 22:38:45,170,Data,Indore
CDR00922,SUS0149,+91-9877103091,SUS0046,+91-9952266893,2026-08-14 15:55:45,422,SMS,Indore
CDR00923,SUS0125,+91-9586940738,SUS0114,+91-9880179899,2026-02-15 21:59:15,1695,Data,Delhi
CDR00924,SUS0029,+91-9319321646,SUS0040,+91-9399147754,2026-05-27 13:23:30,760,Voice,Chandigarh
CDR00925,SUS0076,+91-9704344408,SUS0138,+91-9896760809,2026-06-12 11:28:30,410,Voice,Ahmedabad
CDR00926,SUS0079,+91-9583724666,SUS0132,+91-9895609471,2026-01-25 01:09:15,372,SMS,Surat
CDR00927,SUS0043,+91-9175133802,SUS0119,+91-9218032515,2026-07-27 12:36:15,330,Data,Mumbai
CDR00928,SUS0088,+91-9570423569,SUS0125,+91-9586940738,2026-07-26 07:50:45,185,Data,Ranchi
CDR00929,SUS0040,+91-9399147754,SUS0031,+91-9173864104,2026-04-14 03:57:45,788,SMS,Lucknow
CDR00930,SUS0139,+91-9534900128,SUS0036,+91-9144913399,2026-04-01 12:17:00,323,Voice,Chandigarh
CDR00931,SUS0008,+91-9787194506,SUS0054,+91-9600282414,2026-02-06 14:02:30,424,Data,Pune
CDR00932,SUS0038,+91-9126614158,SUS0079,+91-9583724666,2026-04-28 09:37:30,1090,Voice,Mumbai
CDR00933,SUS0126,+91-9609241268,SUS0143,+91-9706118438,2026-01-24 01:39:45,1003,Voice,Lucknow
CDR00934,SUS0083,+91-9748232591,SUS0123,+91-9395296179,2026-03-01 01:55:00,476,Voice,Ahmedabad
CDR00935,SUS0149,+91-9877103091,SUS0088,+91-9570423569,2026-04-12 21:19:15,1674,Data,Amritsar
CDR00936,SUS0085,+91-9212313264,SUS0001,+91-9826600539,2026-03-24 22:12:45,1750,Data,Lucknow
CDR00937,SUS0140,+91-9529979713,SUS0113,+91-9426808977,2026-01-11 18:34:30,1574,SMS,Delhi
CDR00938,SUS0061,+91-9608482316,SUS0135,+91-9219066986,2026-05-11 02:51:15,1220,Voice,Amritsar
CDR00939,SUS0111,+91-9821920438,SUS0058,+91-9811890569,2026-08-10 18:00:45,1286,Voice,Lucknow
CDR00940,SUS0013,+91-9566825638,SUS0058,+91-9811890569,2026-07-20 08:21:15,119,Voice,Delhi
CDR00941,SUS0053,+91-9679984033,SUS0100,+91-9562446417,2026-04-08 12:03:00,114,Data,Mumbai
CDR00942,SUS0043,+91-9175133802,SUS0134,+91-9392168202,2026-03-16 14:06:45,462,Voice,Pune
CDR00943,SUS0075,+91-9612957813,SUS0068,+91-9480990401,2026-05-17 21:07:00,390,Voice,Mumbai
CDR00944,SUS0020,+91-9242068763,SUS0082,+91-9851333320,2026-03-25 09:23:45,1677,SMS,Jaipur
CDR00945,SUS0146,+91-9969533218,SUS0088,+91-9570423569,2026-02-16 00:57:30,1234,SMS,Pune
CDR00946,SUS0125,+91-9586940738,SUS0138,+91-9896760809,2026-01-10 20:08:45,1656,Voice,Bhopal
CDR00947,SUS0150,+91-9804433388,SUS0064,+91-9810303128,2026-01-23 06:55:30,245,Voice,Kanpur
CDR00948,SUS0119,+91-9218032515,SUS0009,+91-9326541099,2026-04-17 00:50:45,591,SMS,Chandigarh
CDR00949,SUS0062,+91-9275842194,SUS0093,+91-9445505799,2026-02-14 03:35:00,1553,Voice,Jaipur
CDR00950,SUS0127,+91-9729712082,SUS0043,+91-9175133802,2026-08-22 11:15:30,113,Data,Lucknow
CDR00951,SUS0088,+91-9570423569,SUS0009,+91-9326541099,2026-02-07 17:00:30,286,Voice,Chandigarh
CDR00952,SUS0011,+91-9197613238,SUS0054,+91-9600282414,2026-07-09 01:59:15,554,Voice,Nagpur
CDR00953,SUS0084,+91-9799552991,SUS0065,+91-9488896443,2026-05-01 04:15:30,1786,SMS,Chandigarh
CDR00954,SUS0109,+91-9463692735,SUS0107,+91-9135824891,2026-01-17 01:12:15,1684,SMS,Lucknow
CDR00955,SUS0011,+91-9197613238,SUS0054,+91-9600282414,2026-07-17 14:08:15,529,SMS,Ranchi
CDR00956,SUS0065,+91-9488896443,SUS0113,+91-9426808977,2026-07-17 10:19:45,978,Voice,Ahmedabad
CDR00957,SUS0053,+91-9679984033,SUS0051,+91-9688273030,2026-01-03 08:21:30,1493,Voice,Mumbai
CDR00958,SUS0094,+91-9899621068,SUS0022,+91-9881913386,2026-06-18 01:29:15,1577,Voice,Patna
CDR00959,SUS0072,+91-9893070706,SUS0050,+91-9960514523,2026-05-15 20:43:45,1363,Data,Ahmedabad
CDR00960,SUS0037,+91-9701170349,SUS0122,+91-9531233244,2026-03-21 10:19:45,798,Voice,Bhopal
CDR00961,SUS0098,+91-9138546365,SUS0110,+91-9963919401,2026-03-10 22:03:00,454,Data,Amritsar
CDR00962,SUS0111,+91-9821920438,SUS0112,+91-9337691219,2026-07-17 18:50:00,486,Voice,Amritsar
CDR00963,SUS0075,+91-9612957813,SUS0128,+91-9874233009,2026-07-26 23:21:00,540,Voice,Lucknow
CDR00964,SUS0148,+91-9403754671,SUS0081,+91-9987588450,2026-01-02 01:15:00,677,SMS,Pune
CDR00965,SUS0038,+91-9126614158,SUS0015,+91-9624636385,2026-06-02 07:58:00,1145,Voice,Surat
CDR00966,SUS0127,+91-9729712082,SUS0080,+91-9350636897,2026-05-09 00:40:15,448,SMS,Pune
CDR00967,SUS0075,+91-9612957813,SUS0014,+91-9420452650,2026-06-12 12:16:45,1708,Voice,Kanpur
CDR00968,SUS0042,+91-9649136331,SUS0054,+91-9600282414,2026-04-15 13:33:00,1343,Voice,Indore
CDR00969,SUS0126,+91-9609241268,SUS0122,+91-9531233244,2026-01-19 07:27:45,232,Voice,Pune
CDR00970,SUS0086,+91-9437710224,SUS0145,+91-9408246619,2026-06-19 08:29:00,1710,Voice,Jaipur
CDR00971,SUS0046,+91-9952266893,SUS0075,+91-9612957813,2026-04-08 03:26:45,879,Data,Patna
CDR00972,SUS0091,+91-9396618390,SUS0084,+91-9799552991,2026-04-04 10:12:00,1106,SMS,Patna
CDR00973,SUS0095,+91-9235555899,SUS0076,+91-9704344408,2026-06-10 12:38:45,835,Voice,Indore
CDR00974,SUS0077,+91-9508427798,SUS0028,+91-9711684318,2026-05-02 09:21:00,1603,Voice,Delhi
CDR00975,SUS0004,+91-9469319644,SUS0137,+91-9288650860,2026-08-01 16:23:15,1479,SMS,Amritsar
CDR00976,SUS0112,+91-9337691219,SUS0144,+91-9955052486,2026-02-17 10:07:45,1036,SMS,Patna
CDR00977,SUS0078,+91-9323110563,SUS0059,+91-9450948014,2026-05-17 10:48:30,1279,Voice,Amritsar
CDR00978,SUS0015,+91-9624636385,SUS0082,+91-9851333320,2026-07-28 22:13:15,1770,SMS,Amritsar
CDR00979,SUS0071,+91-9587205269,SUS0073,+91-9115191689,2026-06-06 13:55:00,1279,SMS,Kanpur
CDR00980,SUS0136,+91-9158821683,SUS0001,+91-9826600539,2026-06-24 18:01:15,1053,Voice,Indore
CDR00981,SUS0145,+91-9408246619,SUS0114,+91-9880179899,2026-07-05 22:24:45,281,Data,Ranchi
CDR00982,SUS0015,+91-9624636385,SUS0150,+91-9804433388,2026-03-06 21:13:45,1755,Voice,Mumbai
CDR00983,SUS0049,+91-9926830795,SUS0111,+91-9821920438,2026-01-27 10:48:00,1616,Voice,Bhopal
CDR00984,SUS0073,+91-9115191689,SUS0071,+91-9587205269,2026-05-23 11:29:45,1676,Voice,Lucknow
CDR00985,SUS0045,+91-9995205588,SUS0127,+91-9729712082,2026-07-27 20:15:00,22,SMS,Kanpur
CDR00986,SUS0066,+91-9677858758,SUS0127,+91-9729712082,2026-04-01 17:50:00,662,SMS,Chandigarh
CDR00987,SUS0097,+91-9452794611,SUS0034,+91-9554811020,2026-08-04 18:40:15,1389,SMS,Amritsar
CDR00988,SUS0114,+91-9880179899,SUS0109,+91-9463692735,2026-06-18 11:47:00,1608,SMS,Bhopal
CDR00989,SUS0025,+91-9519212169,SUS0011,+91-9197613238,2026-08-09 17:24:30,637,Voice,Amritsar
CDR00990,SUS0055,+91-9922050912,SUS0091,+91-9396618390,2026-05-05 08:34:30,1312,Voice,Surat
CDR00991,SUS0150,+91-9804433388,SUS0028,+91-9711684318,2026-06-14 00:25:15,1378,Voice,Chandigarh
CDR00992,SUS0085,+91-9212313264,SUS0001,+91-9826600539,2026-07-23 14:18:45,1451,Voice,Kanpur
CDR00993,SUS0072,+91-9893070706,SUS0023,+91-9596743109,2026-04-14 20:41:00,1354,SMS,Chandigarh
CDR00994,SUS0136,+91-9158821683,SUS0082,+91-9851333320,2026-07-23 19:14:00,1029,Voice,Patna
CDR00995,SUS0074,+91-9908304440,SUS0053,+91-9679984033,2026-03-22 14:09:00,420,SMS,Bhopal
CDR00996,SUS0028,+91-9711684318,SUS0065,+91-9488896443,2026-01-12 09:36:15,998,Voice,Chandigarh
CDR00997,SUS0017,+91-9751325257,SUS0010,+91-9899925830,2026-04-21 13:43:30,1087,SMS,Chandigarh
CDR00998,SUS0067,+91-9584044963,SUS0008,+91-9787194506,2026-02-16 06:27:15,558,Voice,Mumbai
CDR00999,SUS0150,+91-9804433388,SUS0055,+91-9922050912,2026-08-12 03:46:00,1776,Voice,Ranchi
CDR01000,SUS0124,+91-9853529912,SUS0111,+91-9821920438,2026-08-12 21:23:30,451,Voice,Amritsar
CDR01001,SUS0022,+91-9881913386,SUS0057,+91-9829223044,2026-06-18 10:17:30,763,Voice,Indore
CDR01002,SUS0113,+91-9426808977,SUS0086,+91-9437710224,2026-06-10 10:56:00,914,SMS,Lucknow
CDR01003,SUS0021,+91-9807577342,SUS0064,+91-9810303128,2026-07-20 01:31:00,1196,Data,Amritsar
CDR01004,SUS0077,+91-9508427798,SUS0145,+91-9408246619,2026-03-01 20:53:15,201,Data,Pune
CDR01005,SUS0073,+91-9115191689,SUS0071,+91-9587205269,2026-01-05 19:33:15,1571,Voice,Patna
CDR01006,SUS0115,+91-9497853519,SUS0063,+91-9841541582,2026-03-21 23:58:15,1623,SMS,Lucknow
CDR01007,SUS0120,+91-9156263020,SUS0073,+91-9115191689,2026-03-19 20:26:15,1244,Voice,Ranchi
CDR01008,SUS0120,+91-9156263020,SUS0082,+91-9851333320,2026-04-04 09:28:00,1613,SMS,Ranchi
CDR01009,SUS0093,+91-9445505799,SUS0074,+91-9908304440,2026-01-03 14:01:00,1122,Voice,Surat
CDR01010,SUS0033,+91-9749431082,SUS0083,+91-9748232591,2026-02-22 00:47:30,908,SMS,Bhopal
CDR01011,SUS0073,+91-9115191689,SUS0071,+91-9587205269,2026-02-19 23:46:15,368,Voice,Surat
CDR01012,SUS0073,+91-9115191689,SUS0094,+91-9899621068,2026-05-23 06:18:30,1725,Voice,Nagpur
CDR01013,SUS0081,+91-9987588450,SUS0148,+91-9403754671,2026-08-06 05:40:45,804,Voice,Ahmedabad
CDR01014,SUS0071,+91-9587205269,SUS0047,+91-9906528433,2026-01-15 13:12:30,1413,SMS,Lucknow
CDR01015,SUS0024,+91-9909134796,SUS0073,+91-9115191689,2026-02-04 16:45:45,283,Voice,Delhi
CDR01016,SUS0004,+91-9469319644,SUS0116,+91-9396225446,2026-03-28 02:53:30,791,Voice,Bhopal
CDR01017,SUS0115,+91-9497853519,SUS0056,+91-9888807316,2026-08-07 03:49:45,1700,SMS,Surat
CDR01018,SUS0113,+91-9426808977,SUS0049,+91-9926830795,2026-02-01 23:03:00,1794,Voice,Kanpur
CDR01019,SUS0092,+91-9722687986,SUS0048,+91-9925159146,2026-03-17 03:55:30,739,SMS,Ranchi
CDR01020,SUS0070,+91-9361246928,SUS0129,+91-9340781088,2026-06-06 12:21:45,991,SMS,Chandigarh
CDR01021,SUS0076,+91-9704344408,SUS0146,+91-9969533218,2026-07-26 04:57:45,297,Voice,Nagpur
CDR01022,SUS0144,+91-9955052486,SUS0068,+91-9480990401,2026-06-21 12:00:00,248,Voice,Surat
CDR01023,SUS0046,+91-9952266893,SUS0145,+91-9408246619,2026-01-05 08:29:00,1466,Voice,Chandigarh
CDR01024,SUS0126,+91-9609241268,SUS0018,+91-9584779555,2026-08-06 00:24:00,681,Voice,Lucknow
CDR01025,SUS0147,+91-9190547712,SUS0060,+91-9475767056,2026-03-18 01:08:45,1178,SMS,Amritsar
CDR01026,SUS0141,+91-9222435172,SUS0054,+91-9600282414,2026-04-20 17:02:30,66,Voice,Jaipur
CDR01027,SUS0133,+91-9874807770,SUS0027,+91-9670292350,2026-07-01 15:10:30,1181,Data,Indore
CDR01028,SUS0118,+91-9350180427,SUS0080,+91-9350636897,2026-06-02 00:23:45,722,Data,Patna
CDR01029,SUS0041,+91-9223847257,SUS0148,+91-9403754671,2026-07-19 21:09:00,707,Voice,Patna
CDR01030,SUS0087,+91-9301415220,SUS0059,+91-9450948014,2026-03-13 02:52:00,567,SMS,Lucknow
CDR01031,SUS0004,+91-9469319644,SUS0052,+91-9659741412,2026-07-25 10:47:45,1325,Data,Surat
CDR01032,SUS0072,+91-9893070706,SUS0033,+91-9749431082,2026-06-03 08:37:15,126,Voice,Pune
CDR01033,SUS0071,+91-9587205269,SUS0149,+91-9877103091,2026-04-16 15:20:15,1773,Voice,Lucknow
CDR01034,SUS0042,+91-9649136331,SUS0139,+91-9534900128,2026-02-24 00:43:45,1460,SMS,Mumbai
CDR01035,SUS0075,+91-9612957813,SUS0114,+91-9880179899,2026-01-13 10:15:45,388,Voice,Lucknow
CDR01036,SUS0053,+91-9679984033,SUS0082,+91-9851333320,2026-05-25 16:38:45,204,Data,Jaipur
CDR01037,SUS0028,+91-9711684318,SUS0105,+91-9900122509,2026-05-22 07:21:15,582,Voice,Mumbai
CDR01038,SUS0007,+91-9833953718,SUS0071,+91-9587205269,2026-08-11 00:06:45,697,Data,Amritsar
CDR01039,SUS0126,+91-9609241268,SUS0095,+91-9235555899,2026-08-19 16:58:15,143,Voice,Delhi
CDR01040,SUS0072,+91-9893070706,SUS0036,+91-9144913399,2026-07-22 21:04:30,1005,Voice,Jaipur
CDR01041,SUS0007,+91-9833953718,SUS0027,+91-9670292350,2026-01-07 03:54:00,981,Voice,Ahmedabad
CDR01042,SUS0127,+91-9729712082,SUS0066,+91-9677858758,2026-04-03 16:43:45,787,SMS,Jaipur
CDR01043,SUS0032,+91-9695499669,SUS0097,+91-9452794611,2026-05-04 14:16:45,595,Voice,Indore
CDR01044,SUS0129,+91-9340781088,SUS0035,+91-9559225330,2026-08-21 11:00:30,1100,SMS,Pune
CDR01045,SUS0010,+91-9899925830,SUS0131,+91-9393421844,2026-05-26 03:48:15,1764,Voice,Surat
CDR01046,SUS0085,+91-9212313264,SUS0021,+91-9807577342,2026-05-11 20:25:00,1155,Voice,Surat
CDR01047,SUS0008,+91-9787194506,SUS0054,+91-9600282414,2026-07-28 02:00:45,1094,Data,Pune
CDR01048,SUS0022,+91-9881913386,SUS0078,+91-9323110563,2026-01-25 13:43:45,342,Data,Delhi
CDR01049,SUS0051,+91-9688273030,SUS0102,+91-9599561877,2026-07-01 00:28:00,1743,Voice,Amritsar
CDR01050,SUS0127,+91-9729712082,SUS0066,+91-9677858758,2026-02-09 12:02:30,573,Voice,Delhi
CDR01051,SUS0108,+91-9679184667,SUS0080,+91-9350636897,2026-05-01 01:32:45,1614,Voice,Ranchi
CDR01052,SUS0030,+91-9907308348,SUS0146,+91-9969533218,2026-08-24 20:06:00,974,Voice,Patna
CDR01053,SUS0132,+91-9895609471,SUS0121,+91-9337887233,2026-05-06 01:57:15,906,SMS,Nagpur
CDR01054,SUS0095,+91-9235555899,SUS0030,+91-9907308348,2026-08-20 15:20:00,1536,Voice,Nagpur
CDR01055,SUS0015,+91-9624636385,SUS0038,+91-9126614158,2026-04-01 09:08:30,1148,Voice,Bhopal
CDR01056,SUS0115,+91-9497853519,SUS0113,+91-9426808977,2026-06-03 01:32:15,417,Voice,Ranchi
CDR01057,SUS0118,+91-9350180427,SUS0124,+91-9853529912,2026-03-25 14:21:30,426,SMS,Nagpur
CDR01058,SUS0002,+91-9868820204,SUS0033,+91-9749431082,2026-01-25 00:01:30,1783,SMS,Lucknow
CDR01059,SUS0070,+91-9361246928,SUS0017,+91-9751325257,2026-04-25 05:03:15,1117,Voice,Nagpur
CDR01060,SUS0008,+91-9787194506,SUS0121,+91-9337887233,2026-01-27 12:03:15,1673,Voice,Indore
CDR01061,SUS0046,+91-9952266893,SUS0146,+91-9969533218,2026-01-23 11:10:45,1577,Voice,Surat
CDR01062,SUS0019,+91-9860038427,SUS0116,+91-9396225446,2026-04-24 13:32:15,1625,Data,Jaipur
CDR01063,SUS0114,+91-9880179899,SUS0121,+91-9337887233,2026-03-20 00:47:30,670,Data,Bhopal
CDR01064,SUS0092,+91-9722687986,SUS0070,+91-9361246928,2026-01-13 07:15:15,1670,Voice,Delhi
CDR01065,SUS0108,+91-9679184667,SUS0026,+91-9418587604,2026-05-27 15:17:00,859,Voice,Pune
CDR01066,SUS0136,+91-9158821683,SUS0131,+91-9393421844,2026-02-25 04:54:45,1371,Voice,Ahmedabad
CDR01067,SUS0091,+91-9396618390,SUS0150,+91-9804433388,2026-01-07 15:15:30,1071,Voice,Nagpur
CDR01068,SUS0032,+91-9695499669,SUS0097,+91-9452794611,2026-01-06 21:58:45,829,SMS,Patna
CDR01069,SUS0064,+91-9810303128,SUS0091,+91-9396618390,2026-01-13 07:55:00,277,Voice,Pune
CDR01070,SUS0120,+91-9156263020,SUS0094,+91-9899621068,2026-08-12 08:40:15,955,SMS,Nagpur
CDR01071,SUS0096,+91-9540211187,SUS0020,+91-9242068763,2026-02-14 02:04:15,844,Data,Mumbai
CDR01072,SUS0142,+91-9374843786,SUS0107,+91-9135824891,2026-02-25 12:15:00,1643,SMS,Ranchi
CDR01073,SUS0118,+91-9350180427,SUS0100,+91-9562446417,2026-01-09 19:01:45,1211,SMS,Kanpur
CDR01074,SUS0111,+91-9821920438,SUS0041,+91-9223847257,2026-01-17 11:03:00,104,SMS,Bhopal
CDR01075,SUS0105,+91-9900122509,SUS0028,+91-9711684318,2026-07-05 04:16:15,1618,Data,Bhopal
CDR01076,SUS0150,+91-9804433388,SUS0055,+91-9922050912,2026-08-05 14:12:00,1321,SMS,Chandigarh
CDR01077,SUS0120,+91-9156263020,SUS0010,+91-9899925830,2026-07-01 04:12:00,992,Voice,Pune
CDR01078,SUS0147,+91-9190547712,SUS0059,+91-9450948014,2026-03-07 17:10:30,506,SMS,Surat
CDR01079,SUS0074,+91-9908304440,SUS0121,+91-9337887233,2026-07-19 02:35:30,152,Voice,Bhopal
CDR01080,SUS0094,+91-9899621068,SUS0006,+91-9208449460,2026-04-01 19:12:00,526,SMS,Amritsar
CDR01081,SUS0085,+91-9212313264,SUS0001,+91-9826600539,2026-07-20 18:46:15,909,Data,Pune
CDR01082,SUS0103,+91-9590523712,SUS0105,+91-9900122509,2026-06-23 13:53:15,633,SMS,Nagpur
CDR01083,SUS0003,+91-9271432881,SUS0136,+91-9158821683,2026-05-13 18:49:45,28,Voice,Indore
CDR01084,SUS0137,+91-9288650860,SUS0004,+91-9469319644,2026-08-06 15:54:30,730,Voice,Kanpur
CDR01085,SUS0086,+91-9437710224,SUS0068,+91-9480990401,2026-03-08 08:25:15,345,Data,Ahmedabad
CDR01086,SUS0059,+91-9450948014,SUS0147,+91-9190547712,2026-04-08 13:23:45,1518,Voice,Chandigarh
CDR01087,SUS0032,+91-9695499669,SUS0085,+91-9212313264,2026-02-25 19:43:00,1611,Voice,Delhi
CDR01088,SUS0108,+91-9679184667,SUS0043,+91-9175133802,2026-01-28 05:32:15,1350,Data,Surat
CDR01089,SUS0018,+91-9584779555,SUS0070,+91-9361246928,2026-02-20 15:14:45,465,SMS,Nagpur
CDR01090,SUS0057,+91-9829223044,SUS0017,+91-9751325257,2026-02-22 22:50:00,312,Data,Surat
CDR01091,SUS0065,+91-9488896443,SUS0029,+91-9319321646,2026-08-05 02:54:15,476,SMS,Nagpur
CDR01092,SUS0141,+91-9222435172,SUS0138,+91-9896760809,2026-02-06 07:35:00,693,SMS,Chandigarh
CDR01093,SUS0046,+91-9952266893,SUS0086,+91-9437710224,2026-05-21 00:58:30,1414,SMS,Delhi
CDR01094,SUS0102,+91-9599561877,SUS0032,+91-9695499669,2026-01-03 05:05:30,1397,Data,Delhi
CDR01095,SUS0056,+91-9888807316,SUS0115,+91-9497853519,2026-02-13 14:11:00,1704,SMS,Patna
CDR01096,SUS0044,+91-9848621833,SUS0099,+91-9855797020,2026-02-25 06:48:30,1435,Voice,Bhopal
CDR01097,SUS0149,+91-9877103091,SUS0062,+91-9275842194,2026-02-01 06:42:30,1224,Voice,Delhi
CDR01098,SUS0137,+91-9288650860,SUS0093,+91-9445505799,2026-05-03 11:34:30,326,SMS,Bhopal
CDR01099,SUS0105,+91-9900122509,SUS0150,+91-9804433388,2026-02-04 21:37:00,712,Voice,Pune
CDR01100,SUS0103,+91-9590523712,SUS0064,+91-9810303128,2026-06-14 08:34:15,1558,Voice,Kanpur
CDR01101,SUS0150,+91-9804433388,SUS0091,+91-9396618390,2026-08-19 21:15:15,400,SMS,Jaipur
CDR01102,SUS0087,+91-9301415220,SUS0009,+91-9326541099,2026-07-28 07:18:30,686,Voice,Lucknow
CDR01103,SUS0111,+91-9821920438,SUS0041,+91-9223847257,2026-03-11 22:57:30,601,Voice,Ranchi
CDR01104,SUS0043,+91-9175133802,SUS0066,+91-9677858758,2026-08-12 09:49:15,845,Voice,Nagpur
CDR01105,SUS0068,+91-9480990401,SUS0145,+91-9408246619,2026-01-08 02:16:15,984,Data,Ranchi
CDR01106,SUS0057,+91-9829223044,SUS0087,+91-9301415220,2026-01-20 05:37:15,1428,Voice,Delhi
CDR01107,SUS0076,+91-9704344408,SUS0138,+91-9896760809,2026-06-03 15:14:30,1179,SMS,Amritsar
CDR01108,SUS0008,+91-9787194506,SUS0054,+91-9600282414,2026-03-20 12:53:30,1317,SMS,Surat
CDR01109,SUS0061,+91-9608482316,SUS0117,+91-9458102728,2026-03-10 00:50:30,64,SMS,Chandigarh
CDR01110,SUS0062,+91-9275842194,SUS0093,+91-9445505799,2026-08-25 22:22:45,312,Voice,Indore
CDR01111,SUS0049,+91-9926830795,SUS0065,+91-9488896443,2026-07-01 16:31:00,422,Voice,Nagpur
CDR01112,SUS0057,+91-9829223044,SUS0065,+91-9488896443,2026-01-07 11:30:45,925,Voice,Delhi
CDR01113,SUS0065,+91-9488896443,SUS0104,+91-9417001612,2026-05-15 07:32:45,1175,SMS,Ahmedabad
CDR01114,SUS0128,+91-9874233009,SUS0129,+91-9340781088,2026-01-23 18:12:00,454,Data,Chandigarh
CDR01115,SUS0114,+91-9880179899,SUS0046,+91-9952266893,2026-06-09 08:48:00,506,SMS,Ranchi
CDR01116,SUS0066,+91-9677858758,SUS0056,+91-9888807316,2026-03-02 03:18:30,675,Data,Pune
CDR01117,SUS0095,+91-9235555899,SUS0092,+91-9722687986,2026-07-11 06:35:00,1569,SMS,Nagpur
CDR01118,SUS0137,+91-9288650860,SUS0149,+91-9877103091,2026-07-26 18:25:00,996,Data,Pune
CDR01119,SUS0086,+91-9437710224,SUS0042,+91-9649136331,2026-03-07 16:56:00,1534,Voice,Lucknow
CDR01120,SUS0069,+91-9536398872,SUS0148,+91-9403754671,2026-05-03 07:31:45,329,Voice,Ranchi
CDR01121,SUS0061,+91-9608482316,SUS0008,+91-9787194506,2026-05-09 21:20:45,788,Voice,Mumbai
CDR01122,SUS0087,+91-9301415220,SUS0050,+91-9960514523,2026-03-04 22:56:15,221,Voice,Amritsar
CDR01123,SUS0071,+91-9587205269,SUS0137,+91-9288650860,2026-02-24 22:55:45,825,SMS,Ranchi
CDR01124,SUS0015,+91-9624636385,SUS0038,+91-9126614158,2026-01-14 03:48:00,749,Voice,Patna
CDR01125,SUS0013,+91-9566825638,SUS0023,+91-9596743109,2026-07-22 09:43:00,1267,Voice,Nagpur
CDR01126,SUS0148,+91-9403754671,SUS0029,+91-9319321646,2026-01-20 18:45:15,878,SMS,Ranchi
CDR01127,SUS0071,+91-9587205269,SUS0070,+91-9361246928,2026-03-12 17:50:15,1794,SMS,Bhopal
CDR01128,SUS0131,+91-9393421844,SUS0082,+91-9851333320,2026-08-15 05:09:30,21,Voice,Delhi
CDR01129,SUS0149,+91-9877103091,SUS0116,+91-9396225446,2026-03-28 00:36:30,616,Voice,Delhi
CDR01130,SUS0123,+91-9395296179,SUS0083,+91-9748232591,2026-01-25 11:12:45,10,Voice,Surat
CDR01131,SUS0070,+91-9361246928,SUS0088,+91-9570423569,2026-04-07 22:03:45,525,Data,Chandigarh
CDR01132,SUS0114,+91-9880179899,SUS0146,+91-9969533218,2026-02-27 06:48:45,154,SMS,Lucknow
CDR01133,SUS0012,+91-9739830322,SUS0030,+91-9907308348,2026-02-02 22:40:15,707,Voice,Patna
CDR01134,SUS0073,+91-9115191689,SUS0071,+91-9587205269,2026-01-23 16:59:00,1659,SMS,Bhopal
CDR01135,SUS0044,+91-9848621833,SUS0032,+91-9695499669,2026-07-06 09:15:45,767,Data,Ranchi
CDR01136,SUS0052,+91-9659741412,SUS0031,+91-9173864104,2026-02-11 23:28:30,83,SMS,Patna
CDR01137,SUS0022,+91-9881913386,SUS0047,+91-9906528433,2026-02-26 11:13:00,1617,Voice,Jaipur
CDR01138,SUS0138,+91-9896760809,SUS0115,+91-9497853519,2026-01-26 03:01:15,1278,Voice,Amritsar
CDR01139,SUS0148,+91-9403754671,SUS0069,+91-9536398872,2026-01-14 21:03:30,75,Voice,Patna
CDR01140,SUS0054,+91-9600282414,SUS0112,+91-9337691219,2026-02-23 20:20:30,1072,Voice,Jaipur
CDR01141,SUS0063,+91-9841541582,SUS0065,+91-9488896443,2026-03-26 03:50:15,402,SMS,Mumbai
CDR01142,SUS0046,+91-9952266893,SUS0085,+91-9212313264,2026-08-22 04:58:45,262,Voice,Ranchi
CDR01143,SUS0084,+91-9799552991,SUS0070,+91-9361246928,2026-05-10 18:09:15,327,Voice,Ahmedabad
CDR01144,SUS0122,+91-9531233244,SUS0147,+91-9190547712,2026-03-15 18:49:00,141,Voice,Indore
CDR01145,SUS0099,+91-9855797020,SUS0074,+91-9908304440,2026-02-04 05:42:15,793,Voice,Ahmedabad
CDR01146,SUS0114,+91-9880179899,SUS0125,+91-9586940738,2026-01-17 14:29:30,63,Voice,Amritsar
CDR01147,SUS0131,+91-9393421844,SUS0030,+91-9907308348,2026-04-18 07:18:30,1664,SMS,Bhopal
CDR01148,SUS0041,+91-9223847257,SUS0118,+91-9350180427,2026-03-21 23:24:30,1728,Voice,Kanpur
CDR01149,SUS0044,+91-9848621833,SUS0136,+91-9158821683,2026-04-01 23:06:00,1286,SMS,Lucknow
CDR01150,SUS0038,+91-9126614158,SUS0015,+91-9624636385,2026-01-18 04:17:15,1763,Voice,Surat
CDR01151,SUS0027,+91-9670292350,SUS0007,+91-9833953718,2026-08-24 15:10:45,911,Voice,Pune
CDR01152,SUS0013,+91-9566825638,SUS0090,+91-9618079974,2026-06-17 00:24:15,275,SMS,Nagpur
CDR01153,SUS0012,+91-9739830322,SUS0145,+91-9408246619,2026-08-20 15:18:15,760,SMS,Ahmedabad
CDR01154,SUS0058,+91-9811890569,SUS0034,+91-9554811020,2026-07-13 02:14:00,1507,Voice,Bhopal
CDR01155,SUS0127,+91-9729712082,SUS0119,+91-9218032515,2026-03-06 19:14:45,158,Voice,Ranchi
CDR01156,SUS0031,+91-9173864104,SUS0052,+91-9659741412,2026-05-27 04:03:15,795,Voice,Delhi
CDR01157,SUS0034,+91-9554811020,SUS0044,+91-9848621833,2026-05-22 14:04:30,1326,SMS,Ahmedabad
CDR01158,SUS0147,+91-9190547712,SUS0070,+91-9361246928,2026-04-28 17:57:45,1453,Voice,Lucknow
CDR01159,SUS0141,+91-9222435172,SUS0054,+91-9600282414,2026-01-08 20:55:15,168,Voice,Lucknow
CDR01160,SUS0108,+91-9679184667,SUS0074,+91-9908304440,2026-07-12 19:36:45,1266,SMS,Surat
CDR01161,SUS0029,+91-9319321646,SUS0093,+91-9445505799,2026-01-04 15:09:30,1217,Voice,Bhopal
CDR01162,SUS0091,+91-9396618390,SUS0103,+91-9590523712,2026-01-07 15:18:30,655,Voice,Pune
CDR01163,SUS0061,+91-9608482316,SUS0042,+91-9649136331,2026-05-12 20:09:45,1595,SMS,Patna
CDR01164,SUS0146,+91-9969533218,SUS0046,+91-9952266893,2026-04-26 02:39:15,1211,Voice,Ranchi
CDR01165,SUS0137,+91-9288650860,SUS0128,+91-9874233009,2026-06-15 04:11:00,671,Data,Pune
CDR01166,SUS0102,+91-9599561877,SUS0034,+91-9554811020,2026-07-10 17:25:00,155,Voice,Lucknow
CDR01167,SUS0131,+91-9393421844,SUS0055,+91-9922050912,2026-01-27 11:26:45,1520,Voice,Amritsar
CDR01168,SUS0103,+91-9590523712,SUS0105,+91-9900122509,2026-06-21 18:52:45,673,SMS,Ahmedabad
CDR01169,SUS0103,+91-9590523712,SUS0062,+91-9275842194,2026-06-06 04:13:00,179,Voice,Ranchi
CDR01170,SUS0002,+91-9868820204,SUS0033,+91-9749431082,2026-01-18 20:56:15,628,SMS,Ranchi
CDR01171,SUS0014,+91-9420452650,SUS0132,+91-9895609471,2026-01-16 14:05:45,593,Voice,Patna
CDR01172,SUS0005,+91-9764130526,SUS0077,+91-9508427798,2026-01-10 16:11:45,847,Voice,Kanpur
CDR01173,SUS0059,+91-9450948014,SUS0089,+91-9221827951,2026-01-24 15:51:45,143,SMS,Ahmedabad
CDR01174,SUS0092,+91-9722687986,SUS0081,+91-9987588450,2026-06-07 21:50:00,1254,SMS,Chandigarh
CDR01175,SUS0138,+91-9896760809,SUS0010,+91-9899925830,2026-02-02 09:10:30,929,Voice,Nagpur
CDR01176,SUS0022,+91-9881913386,SUS0107,+91-9135824891,2026-08-19 22:11:00,743,SMS,Surat
CDR01177,SUS0077,+91-9508427798,SUS0025,+91-9519212169,2026-04-19 13:06:00,911,Voice,Pune
CDR01178,SUS0009,+91-9326541099,SUS0112,+91-9337691219,2026-03-04 05:39:30,230,SMS,Ahmedabad
CDR01179,SUS0102,+91-9599561877,SUS0097,+91-9452794611,2026-02-14 06:28:45,1679,SMS,Ahmedabad
CDR01180,SUS0007,+91-9833953718,SUS0100,+91-9562446417,2026-01-04 18:43:30,556,Voice,Patna
CDR01181,SUS0008,+91-9787194506,SUS0107,+91-9135824891,2026-08-09 02:31:00,1687,SMS,Lucknow
CDR01182,SUS0150,+91-9804433388,SUS0103,+91-9590523712,2026-08-19 04:12:45,217,Voice,Ranchi
CDR01183,SUS0032,+91-9695499669,SUS0074,+91-9908304440,2026-01-08 23:27:15,1014,Voice,Jaipur
CDR01184,SUS0118,+91-9350180427,SUS0089,+91-9221827951,2026-07-27 20:44:00,357,Voice,Lucknow
CDR01185,SUS0056,+91-9888807316,SUS0066,+91-9677858758,2026-06-08 15:13:00,601,Voice,Nagpur
CDR01186,SUS0127,+91-9729712082,SUS0055,+91-9922050912,2026-05-09 23:55:30,706,Voice,Pune
CDR01187,SUS0144,+91-9955052486,SUS0008,+91-9787194506,2026-05-23 12:30:45,1530,Data,Nagpur
CDR01188,SUS0082,+91-9851333320,SUS0130,+91-9924024405,2026-07-27 14:15:30,1423,Voice,Patna
CDR01189,SUS0087,+91-9301415220,SUS0147,+91-9190547712,2026-08-08 21:32:15,1008,SMS,Surat
CDR01190,SUS0103,+91-9590523712,SUS0105,+91-9900122509,2026-04-13 11:36:30,721,SMS,Bhopal
CDR01191,SUS0043,+91-9175133802,SUS0108,+91-9679184667,2026-05-08 16:39:00,486,Data,Kanpur
CDR01192,SUS0112,+91-9337691219,SUS0061,+91-9608482316,2026-05-01 06:00:00,268,SMS,Pune
CDR01193,SUS0148,+91-9403754671,SUS0069,+91-9536398872,2026-06-27 05:28:00,1406,SMS,Surat
CDR01194,SUS0081,+91-9987588450,SUS0085,+91-9212313264,2026-03-18 10:55:30,1203,SMS,Patna
CDR01195,SUS0029,+91-9319321646,SUS0055,+91-9922050912,2026-03-20 14:04:00,188,SMS,Amritsar
CDR01196,SUS0037,+91-9701170349,SUS0134,+91-9392168202,2026-07-26 09:47:45,978,Voice,Jaipur
CDR01197,SUS0142,+91-9374843786,SUS0106,+91-9874090950,2026-07-15 20:34:00,564,Voice,Ahmedabad
CDR01198,SUS0007,+91-9833953718,SUS0093,+91-9445505799,2026-06-04 20:19:15,85,Voice,Indore
CDR01199,SUS0030,+91-9907308348,SUS0088,+91-9570423569,2026-03-08 06:35:15,985,SMS,Chandigarh
CDR01200,SUS0066,+91-9677858758,SUS0112,+91-9337691219,2026-08-15 12:42:15,1594,SMS,Chandigarh
CDR01201,SUS0100,+91-9562446417,SUS0007,+91-9833953718,2026-02-04 22:28:00,318,SMS,Chandigarh
CDR01202,SUS0057,+91-9829223044,SUS0120,+91-9156263020,2026-04-11 10:06:00,1293,SMS,Ahmedabad
CDR01203,SUS0054,+91-9600282414,SUS0008,+91-9787194506,2026-01-22 03:01:15,1740,Voice,Ahmedabad
CDR01204,SUS0082,+91-9851333320,SUS0130,+91-9924024405,2026-05-09 19:27:15,603,Voice,Pune
CDR01205,SUS0049,+91-9926830795,SUS0145,+91-9408246619,2026-07-23 22:33:00,1650,SMS,Chandigarh
CDR01206,SUS0068,+91-9480990401,SUS0075,+91-9612957813,2026-06-04 23:30:00,822,Voice,Kanpur
CDR01207,SUS0103,+91-9590523712,SUS0105,+91-9900122509,2026-01-03 14:25:00,1448,Voice,Nagpur
CDR01208,SUS0072,+91-9893070706,SUS0064,+91-9810303128,2026-06-15 08:55:00,339,SMS,Bhopal
CDR01209,SUS0021,+91-9807577342,SUS0121,+91-9337887233,2026-02-26 18:13:45,495,SMS,Lucknow
CDR01210,SUS0073,+91-9115191689,SUS0071,+91-9587205269,2026-05-01 10:27:00,780,Voice,Mumbai
CDR01211,SUS0101,+91-9358589021,SUS0002,+91-9868820204,2026-01-28 06:07:30,255,Voice,Surat
CDR01212,SUS0128,+91-9874233009,SUS0035,+91-9559225330,2026-03-03 18:09:30,664,Voice,Chandigarh
CDR01213,SUS0093,+91-9445505799,SUS0116,+91-9396225446,2026-05-04 12:08:00,107,SMS,Nagpur
CDR01214,SUS0006,+91-9208449460,SUS0031,+91-9173864104,2026-03-12 18:57:45,1077,Data,Mumbai
CDR01215,SUS0033,+91-9749431082,SUS0052,+91-9659741412,2026-04-23 15:09:00,715,Voice,Pune
CDR01216,SUS0053,+91-9679984033,SUS0034,+91-9554811020,2026-03-08 13:09:30,1711,SMS,Chandigarh
CDR01217,SUS0147,+91-9190547712,SUS0009,+91-9326541099,2026-04-26 09:46:45,1344,Voice,Pune
CDR01218,SUS0047,+91-9906528433,SUS0143,+91-9706118438,2026-03-28 16:27:30,1518,SMS,Ranchi
CDR01219,SUS0139,+91-9534900128,SUS0143,+91-9706118438,2026-01-22 17:27:30,1293,Data,Surat
CDR01220,SUS0029,+91-9319321646,SUS0064,+91-9810303128,2026-04-10 07:32:45,1163,Voice,Patna
CDR01221,SUS0047,+91-9906528433,SUS0056,+91-9888807316,2026-07-12 07:19:45,748,Voice,Patna
CDR01222,SUS0078,+91-9323110563,SUS0129,+91-9340781088,2026-01-01 21:43:00,982,Voice,Chandigarh
CDR01223,SUS0136,+91-9158821683,SUS0035,+91-9559225330,2026-02-12 01:57:45,126,Voice,Lucknow
CDR01224,SUS0033,+91-9749431082,SUS0044,+91-9848621833,2026-05-28 04:47:00,1325,Voice,Indore
CDR01225,SUS0031,+91-9173864104,SUS0108,+91-9679184667,2026-01-12 11:11:30,130,Voice,Jaipur
CDR01226,SUS0031,+91-9173864104,SUS0094,+91-9899621068,2026-03-08 09:07:45,850,Data,Patna
CDR01227,SUS0104,+91-9417001612,SUS0139,+91-9534900128,2026-05-15 02:22:15,1799,Voice,Ranchi
CDR01228,SUS0007,+91-9833953718,SUS0004,+91-9469319644,2026-04-03 04:02:00,1208,Voice,Mumbai
CDR01229,SUS0078,+91-9323110563,SUS0028,+91-9711684318,2026-03-22 09:02:45,1647,Voice,Surat
CDR01230,SUS0089,+91-9221827951,SUS0124,+91-9853529912,2026-06-28 19:25:30,671,SMS,Delhi
CDR01231,SUS0029,+91-9319321646,SUS0150,+91-9804433388,2026-01-15 20:30:30,1604,Data,Surat
CDR01232,SUS0026,+91-9418587604,SUS0108,+91-9679184667,2026-02-05 08:45:45,279,SMS,Chandigarh
CDR01233,SUS0066,+91-9677858758,SUS0127,+91-9729712082,2026-05-13 18:46:45,800,SMS,Lucknow
CDR01234,SUS0053,+91-9679984033,SUS0096,+91-9540211187,2026-02-05 15:16:45,879,Voice,Jaipur
CDR01235,SUS0012,+91-9739830322,SUS0126,+91-9609241268,2026-07-18 00:57:00,1254,Voice,Patna
CDR01236,SUS0109,+91-9463692735,SUS0114,+91-9880179899,2026-06-14 07:23:45,1023,Data,Ahmedabad
CDR01237,SUS0002,+91-9868820204,SUS0101,+91-9358589021,2026-05-07 15:06:30,1623,Data,Patna
CDR01238,SUS0005,+91-9764130526,SUS0104,+91-9417001612,2026-07-04 06:31:45,1456,SMS,Indore
CDR01239,SUS0112,+91-9337691219,SUS0104,+91-9417001612,2026-07-22 05:09:45,1236,SMS,Ranchi
CDR01240,SUS0145,+91-9408246619,SUS0121,+91-9337887233,2026-03-12 23:26:15,327,Voice,Chandigarh
CDR01241,SUS0036,+91-9144913399,SUS0031,+91-9173864104,2026-05-08 20:48:00,1661,SMS,Mumbai
CDR01242,SUS0121,+91-9337887233,SUS0114,+91-9880179899,2026-08-04 17:04:30,1715,Voice,Amritsar
CDR01243,SUS0106,+91-9874090950,SUS0142,+91-9374843786,2026-01-22 12:54:00,1298,SMS,Amritsar
CDR01244,SUS0084,+91-9799552991,SUS0092,+91-9722687986,2026-07-28 13:40:15,976,Voice,Lucknow
CDR01245,SUS0046,+91-9952266893,SUS0118,+91-9350180427,2026-04-14 10:13:00,849,Voice,Patna
CDR01246,SUS0102,+91-9599561877,SUS0074,+91-9908304440,2026-07-13 11:46:15,1422,Voice,Lucknow
CDR01247,SUS0107,+91-9135824891,SUS0030,+91-9907308348,2026-07-13 13:48:00,371,Voice,Delhi
CDR01248,SUS0079,+91-9583724666,SUS0016,+91-9621828280,2026-04-26 23:37:15,629,Voice,Chandigarh
CDR01249,SUS0004,+91-9469319644,SUS0007,+91-9833953718,2026-02-27 23:31:45,240,SMS,Bhopal
CDR01250,SUS0023,+91-9596743109,SUS0013,+91-9566825638,2026-07-21 22:11:00,907,SMS,Amritsar
CDR01251,SUS0084,+91-9799552991,SUS0115,+91-9497853519,2026-08-27 13:29:00,657,SMS,Bhopal
CDR01252,SUS0139,+91-9534900128,SUS0086,+91-9437710224,2026-08-24 13:05:15,1673,Data,Chandigarh
CDR01253,SUS0134,+91-9392168202,SUS0039,+91-9141580226,2026-01-13 18:43:45,610,Voice,Ahmedabad
CDR01254,SUS0114,+91-9880179899,SUS0075,+91-9612957813,2026-02-23 13:05:00,647,SMS,Kanpur
CDR01255,SUS0053,+91-9679984033,SUS0051,+91-9688273030,2026-06-06 17:51:45,785,SMS,Indore
CDR01256,SUS0101,+91-9358589021,SUS0002,+91-9868820204,2026-04-28 02:45:15,352,SMS,Nagpur
CDR01257,SUS0088,+91-9570423569,SUS0070,+91-9361246928,2026-04-26 19:32:45,839,SMS,Nagpur
CDR01258,SUS0111,+91-9821920438,SUS0054,+91-9600282414,2026-05-04 01:41:15,654,Voice,Lucknow
CDR01259,SUS0015,+91-9624636385,SUS0123,+91-9395296179,2026-01-11 20:24:00,134,Voice,Ahmedabad
CDR01260,SUS0114,+91-9880179899,SUS0085,+91-9212313264,2026-03-23 16:03:00,792,Voice,Surat
CDR01261,SUS0042,+91-9649136331,SUS0057,+91-9829223044,2026-04-04 21:12:30,1425,SMS,Ranchi
CDR01262,SUS0120,+91-9156263020,SUS0074,+91-9908304440,2026-03-12 13:50:45,1641,Voice,Ahmedabad
CDR01263,SUS0113,+91-9426808977,SUS0109,+91-9463692735,2026-08-04 22:27:45,328,SMS,Ahmedabad
CDR01264,SUS0054,+91-9600282414,SUS0141,+91-9222435172,2026-04-26 04:49:30,469,SMS,Delhi
CDR01265,SUS0101,+91-9358589021,SUS0002,+91-9868820204,2026-08-17 19:08:30,1102,Voice,Surat
CDR01266,SUS0145,+91-9408246619,SUS0057,+91-9829223044,2026-03-01 00:12:15,1487,Voice,Surat
CDR01267,SUS0110,+91-9963919401,SUS0138,+91-9896760809,2026-03-19 18:27:30,1101,SMS,Pune
CDR01268,SUS0055,+91-9922050912,SUS0029,+91-9319321646,2026-08-06 06:47:00,720,Voice,Jaipur
CDR01269,SUS0019,+91-9860038427,SUS0009,+91-9326541099,2026-05-20 09:44:15,1497,Data,Delhi
CDR01270,SUS0140,+91-9529979713,SUS0010,+91-9899925830,2026-01-08 20:21:15,1739,SMS,Bhopal
CDR01271,SUS0123,+91-9395296179,SUS0099,+91-9855797020,2026-04-04 01:07:15,825,Voice,Mumbai
CDR01272,SUS0119,+91-9218032515,SUS0143,+91-9706118438,2026-01-21 17:31:15,1440,Data,Amritsar
CDR01273,SUS0135,+91-9219066986,SUS0061,+91-9608482316,2026-08-28 15:15:45,496,Data,Mumbai
CDR01274,SUS0018,+91-9584779555,SUS0122,+91-9531233244,2026-01-02 16:26:00,686,Voice,Surat
CDR01275,SUS0120,+91-9156263020,SUS0067,+91-9584044963,2026-08-12 22:14:30,1386,Voice,Ranchi
CDR01276,SUS0084,+91-9799552991,SUS0050,+91-9960514523,2026-03-01 14:57:00,1422,Voice,Ranchi
CDR01277,SUS0096,+91-9540211187,SUS0021,+91-9807577342,2026-08-28 17:20:15,1427,SMS,Bhopal
CDR01278,SUS0029,+91-9319321646,SUS0055,+91-9922050912,2026-07-22 03:33:45,591,SMS,Chandigarh
CDR01279,SUS0009,+91-9326541099,SUS0087,+91-9301415220,2026-08-02 23:16:00,1610,Data,Ahmedabad
CDR01280,SUS0113,+91-9426808977,SUS0056,+91-9888807316,2026-05-12 06:46:30,633,Voice,Kanpur
CDR01281,SUS0064,+91-9810303128,SUS0103,+91-9590523712,2026-03-08 22:43:30,262,Data,Amritsar
CDR01282,SUS0099,+91-9855797020,SUS0045,+91-9995205588,2026-06-13 10:09:45,1476,Voice,Indore
CDR01283,SUS0017,+91-9751325257,SUS0068,+91-9480990401,2026-05-28 22:45:45,659,Data,Patna
CDR01284,SUS0042,+91-9649136331,SUS0139,+91-9534900128,2026-08-27 17:39:45,211,Voice,Lucknow
CDR01285,SUS0114,+91-9880179899,SUS0021,+91-9807577342,2026-08-06 02:39:30,1479,Voice,Ahmedabad
CDR01286,SUS0108,+91-9679184667,SUS0090,+91-9618079974,2026-02-12 01:41:45,1386,SMS,Ranchi
CDR01287,SUS0121,+91-9337887233,SUS0114,+91-9880179899,2026-05-25 16:59:00,1195,Voice,Surat
CDR01288,SUS0110,+91-9963919401,SUS0126,+91-9609241268,2026-01-28 02:28:15,1498,Voice,Kanpur
CDR01289,SUS0006,+91-9208449460,SUS0094,+91-9899621068,2026-07-14 04:23:45,1095,Voice,Delhi
CDR01290,SUS0102,+91-9599561877,SUS0032,+91-9695499669,2026-07-19 15:07:00,524,Voice,Bhopal
CDR01291,SUS0053,+91-9679984033,SUS0097,+91-9452794611,2026-08-02 08:55:30,534,SMS,Bhopal
CDR01292,SUS0089,+91-9221827951,SUS0047,+91-9906528433,2026-04-04 19:09:45,1410,Data,Surat
CDR01293,SUS0054,+91-9600282414,SUS0016,+91-9621828280,2026-08-03 13:32:15,360,SMS,Amritsar
CDR01294,SUS0131,+91-9393421844,SUS0113,+91-9426808977,2026-05-14 17:02:15,1119,Voice,Pune
CDR01295,SUS0139,+91-9534900128,SUS0005,+91-9764130526,2026-01-13 02:50:45,1492,Data,Indore
CDR01296,SUS0086,+91-9437710224,SUS0049,+91-9926830795,2026-05-12 09:34:45,554,SMS,Indore
CDR01297,SUS0147,+91-9190547712,SUS0012,+91-9739830322,2026-03-06 11:26:00,418,Voice,Pune
CDR01298,SUS0078,+91-9323110563,SUS0091,+91-9396618390,2026-03-10 23:42:45,143,SMS,Kanpur
CDR01299,SUS0034,+91-9554811020,SUS0001,+91-9826600539,2026-08-18 12:21:30,568,Data,Patna
CDR01300,SUS0029,+91-9319321646,SUS0078,+91-9323110563,2026-05-14 04:20:15,994,Voice,Indore
CDR01301,SUS0111,+91-9821920438,SUS0150,+91-9804433388,2026-04-15 18:25:45,1583,Voice,Kanpur
CDR01302,SUS0116,+91-9396225446,SUS0015,+91-9624636385,2026-03-03 09:14:45,985,Voice,Pune
CDR01303,SUS0088,+91-9570423569,SUS0070,+91-9361246928,2026-02-14 17:25:45,78,Data,Ahmedabad
CDR01304,SUS0132,+91-9895609471,SUS0048,+91-9925159146,2026-08-17 14:35:15,1382,SMS,Surat
CDR01305,SUS0062,+91-9275842194,SUS0121,+91-9337887233,2026-08-10 08:35:00,1495,SMS,Patna
CDR01306,SUS0064,+91-9810303128,SUS0081,+91-9987588450,2026-05-13 13:17:00,1310,Data,Bhopal
CDR01307,SUS0086,+91-9437710224,SUS0049,+91-9926830795,2026-08-12 03:32:45,1450,SMS,Kanpur
CDR01308,SUS0141,+91-9222435172,SUS0036,+91-9144913399,2026-08-26 01:11:15,538,Voice,Jaipur
CDR01309,SUS0082,+91-9851333320,SUS0026,+91-9418587604,2026-01-25 09:51:45,702,Voice,Indore
CDR01310,SUS0008,+91-9787194506,SUS0027,+91-9670292350,2026-04-18 21:15:15,1038,Voice,Pune
CDR01311,SUS0111,+91-9821920438,SUS0089,+91-9221827951,2026-03-07 17:13:15,216,Voice,Kanpur
CDR01312,SUS0122,+91-9531233244,SUS0126,+91-9609241268,2026-05-28 20:05:15,1103,Data,Kanpur
CDR01313,SUS0096,+91-9540211187,SUS0081,+91-9987588450,2026-01-24 02:25:45,180,Voice,Jaipur
CDR01314,SUS0057,+91-9829223044,SUS0144,+91-9955052486,2026-03-16 10:25:45,1600,Voice,Lucknow
CDR01315,SUS0082,+91-9851333320,SUS0044,+91-9848621833,2026-03-12 21:07:15,954,Voice,Kanpur
CDR01316,SUS0087,+91-9301415220,SUS0088,+91-9570423569,2026-08-24 18:49:30,1099,Data,Ahmedabad
CDR01317,SUS0096,+91-9540211187,SUS0039,+91-9141580226,2026-08-10 14:39:00,1237,Voice,Patna
CDR01318,SUS0097,+91-9452794611,SUS0034,+91-9554811020,2026-05-04 16:50:30,1682,Voice,Nagpur
CDR01319,SUS0146,+91-9969533218,SUS0076,+91-9704344408,2026-08-03 12:09:15,976,SMS,Ahmedabad
CDR01320,SUS0017,+91-9751325257,SUS0122,+91-9531233244,2026-03-24 21:38:00,647,Voice,Surat
CDR01321,SUS0140,+91-9529979713,SUS0057,+91-9829223044,2026-03-10 02:26:30,712,Voice,Chandigarh
CDR01322,SUS0048,+91-9925159146,SUS0092,+91-9722687986,2026-01-21 03:52:30,1263,SMS,Bhopal
CDR01323,SUS0020,+91-9242068763,SUS0113,+91-9426808977,2026-01-10 06:28:45,1510,SMS,Pune
CDR01324,SUS0094,+91-9899621068,SUS0102,+91-9599561877,2026-06-13 06:04:45,491,Voice,Ranchi
CDR01325,SUS0060,+91-9475767056,SUS0059,+91-9450948014,2026-05-28 15:57:45,398,Voice,Patna
CDR01326,SUS0055,+91-9922050912,SUS0029,+91-9319321646,2026-06-17 15:44:15,313,SMS,Surat
CDR01327,SUS0118,+91-9350180427,SUS0124,+91-9853529912,2026-02-14 15:22:15,22,SMS,Bhopal
CDR01328,SUS0002,+91-9868820204,SUS0123,+91-9395296179,2026-04-25 03:07:45,1247,Data,Kanpur
CDR01329,SUS0033,+91-9749431082,SUS0052,+91-9659741412,2026-01-21 16:32:30,507,Voice,Lucknow
CDR01330,SUS0008,+91-9787194506,SUS0011,+91-9197613238,2026-02-04 16:08:15,636,SMS,Jaipur
CDR01331,SUS0053,+91-9679984033,SUS0074,+91-9908304440,2026-06-05 07:47:15,1536,SMS,Surat
CDR01332,SUS0040,+91-9399147754,SUS0016,+91-9621828280,2026-03-01 08:17:00,387,Voice,Indore
CDR01333,SUS0148,+91-9403754671,SUS0096,+91-9540211187,2026-03-22 22:46:00,1783,SMS,Ahmedabad
CDR01334,SUS0077,+91-9508427798,SUS0104,+91-9417001612,2026-05-13 05:27:30,1799,SMS,Delhi
CDR01335,SUS0055,+91-9922050912,SUS0078,+91-9323110563,2026-06-21 07:36:30,603,Data,Amritsar
CDR01336,SUS0110,+91-9963919401,SUS0038,+91-9126614158,2026-07-07 13:49:00,623,Voice,Ahmedabad
CDR01337,SUS0137,+91-9288650860,SUS0062,+91-9275842194,2026-07-18 16:16:00,1629,Voice,Ranchi
CDR01338,SUS0116,+91-9396225446,SUS0013,+91-9566825638,2026-04-15 06:26:15,1086,Voice,Patna
CDR01339,SUS0094,+91-9899621068,SUS0112,+91-9337691219,2026-05-25 01:22:15,1287,SMS,Ranchi
CDR01340,SUS0012,+91-9739830322,SUS0030,+91-9907308348,2026-03-11 08:13:30,786,Voice,Ranchi
CDR01341,SUS0063,+91-9841541582,SUS0065,+91-9488896443,2026-04-12 17:59:30,1422,Data,Lucknow
CDR01342,SUS0035,+91-9559225330,SUS0053,+91-9679984033,2026-01-03 17:49:15,1415,Voice,Ahmedabad
CDR01343,SUS0094,+91-9899621068,SUS0106,+91-9874090950,2026-05-18 20:57:30,1245,Voice,Chandigarh
CDR01344,SUS0029,+91-9319321646,SUS0103,+91-9590523712,2026-04-26 00:25:15,1389,Voice,Kanpur
CDR01345,SUS0109,+91-9463692735,SUS0113,+91-9426808977,2026-02-01 11:15:15,1695,Voice,Mumbai
CDR01346,SUS0045,+91-9995205588,SUS0051,+91-9688273030,2026-02-21 15:05:30,818,Voice,Ahmedabad
CDR01347,SUS0113,+91-9426808977,SUS0075,+91-9612957813,2026-08-27 21:03:15,417,SMS,Lucknow
CDR01348,SUS0118,+91-9350180427,SUS0096,+91-9540211187,2026-01-06 12:22:15,1319,Voice,Ahmedabad
CDR01349,SUS0128,+91-9874233009,SUS0129,+91-9340781088,2026-04-09 03:38:45,902,Data,Mumbai
CDR01350,SUS0124,+91-9853529912,SUS0058,+91-9811890569,2026-02-04 18:51:15,688,Voice,Indore
CDR01351,SUS0046,+91-9952266893,SUS0139,+91-9534900128,2026-07-11 00:33:00,1390,Data,Amritsar
CDR01352,SUS0121,+91-9337887233,SUS0024,+91-9909134796,2026-07-28 20:29:30,1148,Voice,Ranchi
CDR01353,SUS0011,+91-9197613238,SUS0068,+91-9480990401,2026-06-16 21:16:30,1357,SMS,Indore
CDR01354,SUS0096,+91-9540211187,SUS0023,+91-9596743109,2026-02-11 12:22:15,1612,SMS,Pune
CDR01355,SUS0024,+91-9909134796,SUS0088,+91-9570423569,2026-01-08 09:01:45,1227,SMS,Nagpur
CDR01356,SUS0113,+91-9426808977,SUS0029,+91-9319321646,2026-07-21 04:22:00,1425,SMS,Amritsar
CDR01357,SUS0032,+91-9695499669,SUS0014,+91-9420452650,2026-02-15 09:52:45,304,Voice,Pune
CDR01358,SUS0021,+91-9807577342,SUS0073,+91-9115191689,2026-02-04 02:40:45,506,Data,Lucknow
CDR01359,SUS0148,+91-9403754671,SUS0058,+91-9811890569,2026-06-19 18:05:00,604,SMS,Kanpur
CDR01360,SUS0003,+91-9271432881,SUS0034,+91-9554811020,2026-02-15 11:29:30,1104,SMS,Mumbai
CDR01361,SUS0038,+91-9126614158,SUS0119,+91-9218032515,2026-01-14 19:59:00,1036,Voice,Lucknow
CDR01362,SUS0076,+91-9704344408,SUS0106,+91-9874090950,2026-01-26 23:48:30,23,Voice,Ranchi
CDR01363,SUS0013,+91-9566825638,SUS0118,+91-9350180427,2026-03-19 07:03:45,756,Voice,Indore
CDR01364,SUS0093,+91-9445505799,SUS0141,+91-9222435172,2026-04-24 10:26:00,151,Data,Amritsar
CDR01365,SUS0010,+91-9899925830,SUS0061,+91-9608482316,2026-06-18 21:08:00,1775,Voice,Ranchi
CDR01366,SUS0026,+91-9418587604,SUS0108,+91-9679184667,2026-04-07 03:24:30,309,Data,Ranchi
CDR01367,SUS0139,+91-9534900128,SUS0086,+91-9437710224,2026-08-14 04:57:45,1633,Voice,Lucknow
CDR01368,SUS0028,+91-9711684318,SUS0091,+91-9396618390,2026-03-03 11:36:15,284,Voice,Nagpur
CDR01369,SUS0096,+91-9540211187,SUS0148,+91-9403754671,2026-06-08 05:03:45,1205,Voice,Ahmedabad
CDR01370,SUS0009,+91-9326541099,SUS0087,+91-9301415220,2026-06-13 08:06:45,1198,Voice,Jaipur
CDR01371,SUS0117,+91-9458102728,SUS0011,+91-9197613238,2026-04-06 11:18:15,839,Voice,Delhi
CDR01372,SUS0068,+91-9480990401,SUS0013,+91-9566825638,2026-03-23 08:11:30,1586,Voice,Kanpur
CDR01373,SUS0024,+91-9909134796,SUS0070,+91-9361246928,2026-05-20 06:34:45,1531,Voice,Kanpur
CDR01374,SUS0025,+91-9519212169,SUS0104,+91-9417001612,2026-03-07 17:39:15,1136,SMS,Ahmedabad
CDR01375,SUS0051,+91-9688273030,SUS0053,+91-9679984033,2026-04-09 19:44:00,357,Voice,Jaipur
CDR01376,SUS0044,+91-9848621833,SUS0136,+91-9158821683,2026-08-01 16:56:00,1373,SMS,Mumbai
CDR01377,SUS0133,+91-9874807770,SUS0113,+91-9426808977,2026-06-28 00:59:00,1294,Voice,Jaipur
CDR01378,SUS0059,+91-9450948014,SUS0070,+91-9361246928,2026-04-18 13:24:45,1235,Voice,Nagpur
CDR01379,SUS0069,+91-9536398872,SUS0041,+91-9223847257,2026-03-25 03:55:15,731,Voice,Lucknow
CDR01380,SUS0071,+91-9587205269,SUS0067,+91-9584044963,2026-02-04 09:35:30,617,SMS,Lucknow
CDR01381,SUS0016,+91-9621828280,SUS0147,+91-9190547712,2026-05-20 18:17:15,1205,Voice,Delhi
CDR01382,SUS0063,+91-9841541582,SUS0139,+91-9534900128,2026-04-01 04:41:15,621,Data,Ranchi
CDR01383,SUS0086,+91-9437710224,SUS0064,+91-9810303128,2026-08-16 18:14:15,183,SMS,Lucknow
CDR01384,SUS0076,+91-9704344408,SUS0060,+91-9475767056,2026-01-21 16:40:45,1728,Voice,Bhopal
CDR01385,SUS0137,+91-9288650860,SUS0093,+91-9445505799,2026-02-21 11:06:15,1080,Data,Ahmedabad
CDR01386,SUS0018,+91-9584779555,SUS0096,+91-9540211187,2026-07-06 04:36:00,938,Voice,Surat
CDR01387,SUS0126,+91-9609241268,SUS0103,+91-9590523712,2026-01-05 13:36:45,1776,SMS,Ranchi
CDR01388,SUS0013,+91-9566825638,SUS0148,+91-9403754671,2026-01-19 05:31:15,715,SMS,Ranchi
CDR01389,SUS0080,+91-9350636897,SUS0090,+91-9618079974,2026-01-24 01:29:00,113,Voice,Surat
CDR01390,SUS0005,+91-9764130526,SUS0139,+91-9534900128,2026-03-16 12:25:30,893,SMS,Patna
CDR01391,SUS0065,+91-9488896443,SUS0005,+91-9764130526,2026-02-16 19:15:00,742,Voice,Lucknow
CDR01392,SUS0077,+91-9508427798,SUS0009,+91-9326541099,2026-07-14 18:11:00,131,Voice,Surat
CDR01393,SUS0057,+91-9829223044,SUS0054,+91-9600282414,2026-04-16 19:31:45,800,Voice,Surat
CDR01394,SUS0078,+91-9323110563,SUS0022,+91-9881913386,2026-04-17 14:49:45,1705,SMS,Ahmedabad
CDR01395,SUS0145,+91-9408246619,SUS0077,+91-9508427798,2026-02-27 02:15:45,363,Voice,Bhopal
CDR01396,SUS0108,+91-9679184667,SUS0103,+91-9590523712,2026-08-18 22:59:30,1504,Voice,Amritsar
CDR01397,SUS0071,+91-9587205269,SUS0004,+91-9469319644,2026-05-14 16:11:00,1313,SMS,Ranchi
CDR01398,SUS0064,+91-9810303128,SUS0105,+91-9900122509,2026-04-22 01:27:15,395,Voice,Chandigarh
CDR01399,SUS0047,+91-9906528433,SUS0026,+91-9418587604,2026-04-10 23:19:30,211,SMS,Nagpur
CDR01400,SUS0150,+91-9804433388,SUS0149,+91-9877103091,2026-02-17 05:09:15,801,Data,Patna
CDR01401,SUS0034,+91-9554811020,SUS0032,+91-9695499669,2026-02-14 04:49:30,1747,Voice,Kanpur
CDR01402,SUS0105,+91-9900122509,SUS0148,+91-9403754671,2026-02-03 01:52:15,808,Voice,Jaipur
CDR01403,SUS0090,+91-9618079974,SUS0142,+91-9374843786,2026-07-17 18:53:45,684,Data,Chandigarh
CDR01404,SUS0015,+91-9624636385,SUS0079,+91-9583724666,2026-03-17 09:46:00,975,SMS,Delhi
CDR01405,SUS0050,+91-9960514523,SUS0057,+91-9829223044,2026-05-08 06:54:45,557,Voice,Ahmedabad
CDR01406,SUS0123,+91-9395296179,SUS0083,+91-9748232591,2026-07-14 08:37:00,1116,SMS,Jaipur
CDR01407,SUS0075,+91-9612957813,SUS0022,+91-9881913386,2026-04-17 07:45:30,939,Voice,Chandigarh
CDR01408,SUS0090,+91-9618079974,SUS0026,+91-9418587604,2026-05-21 13:29:15,1443,Voice,Indore
CDR01409,SUS0072,+91-9893070706,SUS0119,+91-9218032515,2026-02-27 15:40:00,1632,SMS,Kanpur
CDR01410,SUS0063,+91-9841541582,SUS0065,+91-9488896443,2026-01-27 01:44:45,803,SMS,Pune
CDR01411,SUS0097,+91-9452794611,SUS0030,+91-9907308348,2026-05-08 05:16:45,1354,Voice,Amritsar
CDR01412,SUS0014,+91-9420452650,SUS0015,+91-9624636385,2026-06-08 02:38:45,316,SMS,Bhopal
CDR01413,SUS0133,+91-9874807770,SUS0055,+91-9922050912,2026-05-20 23:35:15,1411,SMS,Amritsar
CDR01414,SUS0145,+91-9408246619,SUS0133,+91-9874807770,2026-01-18 22:52:15,81,Voice,Chandigarh
CDR01415,SUS0077,+91-9508427798,SUS0005,+91-9764130526,2026-05-20 01:34:30,1536,Voice,Ranchi
CDR01416,SUS0054,+91-9600282414,SUS0006,+91-9208449460,2026-06-04 21:50:30,752,SMS,Mumbai
CDR01417,SUS0112,+91-9337691219,SUS0117,+91-9458102728,2026-02-10 15:24:45,984,Data,Surat
CDR01418,SUS0106,+91-9874090950,SUS0076,+91-9704344408,2026-04-19 16:15:45,1072,SMS,Patna
CDR01419,SUS0092,+91-9722687986,SUS0070,+91-9361246928,2026-01-10 16:48:00,493,Voice,Mumbai
CDR01420,SUS0098,+91-9138546365,SUS0072,+91-9893070706,2026-05-23 21:19:15,504,SMS,Nagpur
CDR01421,SUS0066,+91-9677858758,SUS0026,+91-9418587604,2026-06-17 12:18:15,864,Voice,Bhopal
CDR01422,SUS0135,+91-9219066986,SUS0061,+91-9608482316,2026-08-06 20:39:45,1060,Voice,Delhi
CDR01423,SUS0092,+91-9722687986,SUS0048,+91-9925159146,2026-07-15 12:55:15,1495,Data,Bhopal
CDR01424,SUS0093,+91-9445505799,SUS0137,+91-9288650860,2026-08-09 22:35:00,1517,SMS,Jaipur
CDR01425,SUS0139,+91-9534900128,SUS0046,+91-9952266893,2026-08-24 06:25:00,1471,SMS,Patna
CDR01426,SUS0104,+91-9417001612,SUS0077,+91-9508427798,2026-04-18 23:24:45,717,SMS,Mumbai
CDR01427,SUS0048,+91-9925159146,SUS0050,+91-9960514523,2026-04-24 07:27:00,773,Data,Pune
CDR01428,SUS0099,+91-9855797020,SUS0052,+91-9659741412,2026-05-07 17:11:30,569,Data,Kanpur
CDR01429,SUS0133,+91-9874807770,SUS0139,+91-9534900128,2026-01-02 07:21:00,459,Voice,Bhopal
CDR01430,SUS0028,+91-9711684318,SUS0103,+91-9590523712,2026-03-21 14:49:30,1411,Voice,Indore
CDR01431,SUS0054,+91-9600282414,SUS0031,+91-9173864104,2026-07-10 11:16:30,383,SMS,Pune
CDR01432,SUS0036,+91-9144913399,SUS0064,+91-9810303128,2026-07-25 08:12:15,377,Voice,Jaipur
CDR01433,SUS0076,+91-9704344408,SUS0146,+91-9969533218,2026-03-20 20:52:00,1188,Voice,Nagpur
CDR01434,SUS0115,+91-9497853519,SUS0063,+91-9841541582,2026-08-20 18:41:45,462,SMS,Bhopal
CDR01435,SUS0080,+91-9350636897,SUS0049,+91-9926830795,2026-06-15 07:06:15,231,SMS,Amritsar
CDR01436,SUS0038,+91-9126614158,SUS0125,+91-9586940738,2026-05-20 00:28:15,1624,Voice,Pune
CDR01437,SUS0081,+91-9987588450,SUS0096,+91-9540211187,2026-06-21 01:40:00,1284,Voice,Ranchi
CDR01438,SUS0104,+91-9417001612,SUS0077,+91-9508427798,2026-05-08 14:58:30,453,SMS,Patna
CDR01439,SUS0146,+91-9969533218,SUS0120,+91-9156263020,2026-01-25 06:43:15,934,SMS,Kanpur
CDR01440,SUS0118,+91-9350180427,SUS0096,+91-9540211187,2026-01-20 09:36:30,1046,Voice,Mumbai
CDR01441,SUS0145,+91-9408246619,SUS0121,+91-9337887233,2026-04-10 01:59:00,395,Data,Surat
CDR01442,SUS0014,+91-9420452650,SUS0132,+91-9895609471,2026-04-13 06:15:00,1078,Voice,Kanpur
CDR01443,SUS0099,+91-9855797020,SUS0101,+91-9358589021,2026-01-26 11:29:45,860,SMS,Lucknow
CDR01444,SUS0001,+91-9826600539,SUS0034,+91-9554811020,2026-03-20 16:41:00,1546,Data,Patna
CDR01445,SUS0008,+91-9787194506,SUS0067,+91-9584044963,2026-01-26 19:24:00,226,SMS,Surat
CDR01446,SUS0058,+91-9811890569,SUS0013,+91-9566825638,2026-07-11 05:10:00,1032,SMS,Surat
CDR01447,SUS0083,+91-9748232591,SUS0033,+91-9749431082,2026-01-28 21:37:30,280,Voice,Indore
CDR01448,SUS0051,+91-9688273030,SUS0045,+91-9995205588,2026-02-14 08:17:30,1461,SMS,Lucknow
CDR01449,SUS0002,+91-9868820204,SUS0060,+91-9475767056,2026-05-16 16:52:45,1585,Voice,Indore
CDR01450,SUS0018,+91-9584779555,SUS0122,+91-9531233244,2026-01-23 12:53:00,58,Data,Amritsar
CDR01451,SUS0018,+91-9584779555,SUS0138,+91-9896760809,2026-07-26 00:31:00,1496,SMS,Ahmedabad
CDR01452,SUS0113,+91-9426808977,SUS0056,+91-9888807316,2026-08-02 18:46:45,802,Voice,Amritsar
CDR01453,SUS0012,+91-9739830322,SUS0095,+91-9235555899,2026-06-06 08:29:00,1197,Voice,Mumbai
CDR01454,SUS0078,+91-9323110563,SUS0090,+91-9618079974,2026-08-14 01:47:45,1226,SMS,Kanpur
CDR01455,SUS0025,+91-9519212169,SUS0131,+91-9393421844,2026-05-06 21:25:45,431,SMS,Nagpur
CDR01456,SUS0120,+91-9156263020,SUS0147,+91-9190547712,2026-07-03 07:32:00,87,Data,Lucknow
CDR01457,SUS0100,+91-9562446417,SUS0038,+91-9126614158,2026-08-28 20:27:30,618,Data,Bhopal
CDR01458,SUS0122,+91-9531233244,SUS0018,+91-9584779555,2026-07-03 13:01:00,1699,Voice,Patna
CDR01459,SUS0147,+91-9190547712,SUS0070,+91-9361246928,2026-08-22 08:42:00,24,Voice,Amritsar
CDR01460,SUS0150,+91-9804433388,SUS0055,+91-9922050912,2026-08-23 04:38:00,1435,SMS,Indore
CDR01461,SUS0074,+91-9908304440,SUS0051,+91-9688273030,2026-01-25 23:39:45,1025,Voice,Surat
CDR01462,SUS0003,+91-9271432881,SUS0074,+91-9908304440,2026-02-11 17:22:45,607,Voice,Mumbai
CDR01463,SUS0094,+91-9899621068,SUS0073,+91-9115191689,2026-04-13 12:00:45,845,SMS,Jaipur
CDR01464,SUS0043,+91-9175133802,SUS0127,+91-9729712082,2026-07-04 05:34:30,559,Voice,Jaipur
CDR01465,SUS0053,+91-9679984033,SUS0038,+91-9126614158,2026-05-20 10:38:15,526,SMS,Jaipur
CDR01466,SUS0080,+91-9350636897,SUS0011,+91-9197613238,2026-05-02 21:13:45,1476,Voice,Kanpur
CDR01467,SUS0125,+91-9586940738,SUS0085,+91-9212313264,2026-06-27 05:33:45,1169,Data,Kanpur
CDR01468,SUS0125,+91-9586940738,SUS0114,+91-9880179899,2026-01-15 21:17:45,96,Voice,Ranchi
CDR01469,SUS0010,+91-9899925830,SUS0074,+91-9908304440,2026-02-14 12:53:00,1647,Voice,Ranchi
CDR01470,SUS0046,+91-9952266893,SUS0145,+91-9408246619,2026-05-09 07:38:45,575,Voice,Nagpur
CDR01471,SUS0096,+91-9540211187,SUS0071,+91-9587205269,2026-03-02 13:49:15,184,Data,Indore
CDR01472,SUS0014,+91-9420452650,SUS0119,+91-9218032515,2026-02-17 21:27:30,804,SMS,Bhopal
CDR01473,SUS0063,+91-9841541582,SUS0115,+91-9497853519,2026-07-11 04:29:00,884,Voice,Indore
CDR01474,SUS0042,+91-9649136331,SUS0013,+91-9566825638,2026-02-18 09:50:45,378,SMS,Ahmedabad
CDR01475,SUS0079,+91-9583724666,SUS0098,+91-9138546365,2026-05-22 07:22:30,455,Voice,Jaipur
CDR01476,SUS0055,+91-9922050912,SUS0029,+91-9319321646,2026-07-28 08:23:00,1778,Data,Nagpur
CDR01477,SUS0060,+91-9475767056,SUS0123,+91-9395296179,2026-07-25 16:44:00,856,Voice,Delhi
CDR01478,SUS0105,+91-9900122509,SUS0103,+91-9590523712,2026-04-13 07:14:15,36,Data,Jaipur
CDR01479,SUS0007,+91-9833953718,SUS0004,+91-9469319644,2026-03-03 11:26:00,1063,SMS,Surat
CDR01480,SUS0038,+91-9126614158,SUS0104,+91-9417001612,2026-07-18 19:28:45,1775,SMS,Ahmedabad
CDR01481,SUS0074,+91-9908304440,SUS0003,+91-9271432881,2026-07-05 05:11:30,1529,SMS,Delhi
CDR01482,SUS0129,+91-9340781088,SUS0058,+91-9811890569,2026-03-21 22:08:15,348,SMS,Nagpur
CDR01483,SUS0037,+91-9701170349,SUS0047,+91-9906528433,2026-07-27 06:35:45,1536,Voice,Amritsar
CDR01484,SUS0092,+91-9722687986,SUS0096,+91-9540211187,2026-02-20 07:34:30,1219,Data,Surat
CDR01485,SUS0120,+91-9156263020,SUS0112,+91-9337691219,2026-07-15 12:21:45,553,Voice,Lucknow
CDR01486,SUS0038,+91-9126614158,SUS0098,+91-9138546365,2026-08-04 20:55:15,564,SMS,Amritsar
CDR01487,SUS0084,+91-9799552991,SUS0031,+91-9173864104,2026-01-12 06:07:00,907,Voice,Jaipur
CDR01488,SUS0014,+91-9420452650,SUS0067,+91-9584044963,2026-05-06 02:59:30,1776,Data,Surat
CDR01489,SUS0062,+91-9275842194,SUS0149,+91-9877103091,2026-01-09 05:12:30,735,SMS,Amritsar
CDR01490,SUS0010,+91-9899925830,SUS0030,+91-9907308348,2026-08-13 09:49:00,714,SMS,Mumbai
CDR01491,SUS0026,+91-9418587604,SUS0043,+91-9175133802,2026-07-14 21:46:15,1446,Voice,Kanpur
CDR01492,SUS0037,+91-9701170349,SUS0107,+91-9135824891,2026-04-20 23:27:45,381,Voice,Bhopal
CDR01493,SUS0054,+91-9600282414,SUS0061,+91-9608482316,2026-08-24 15:19:30,1296,Voice,Delhi
CDR01494,SUS0118,+91-9350180427,SUS0064,+91-9810303128,2026-04-18 23:45:30,777,SMS,Ahmedabad
CDR01495,SUS0117,+91-9458102728,SUS0008,+91-9787194506,2026-01-22 08:35:30,1076,Voice,Mumbai
CDR01496,SUS0144,+91-9955052486,SUS0122,+91-9531233244,2026-04-22 17:21:00,853,Voice,Bhopal
CDR01497,SUS0069,+91-9536398872,SUS0123,+91-9395296179,2026-02-15 06:59:00,1144,SMS,Patna
CDR01498,SUS0054,+91-9600282414,SUS0117,+91-9458102728,2026-05-26 13:25:15,531,Voice,Ahmedabad
CDR01499,SUS0124,+91-9853529912,SUS0118,+91-9350180427,2026-01-07 15:09:45,127,Voice,Surat
CDR01500,SUS0024,+91-9909134796,SUS0092,+91-9722687986,2026-08-17 19:06:30,784,SMS,Pune
CDR01501,SUS0044,+91-9848621833,SUS0040,+91-9399147754,2026-07-06 08:58:00,880,Data,Delhi
CDR01502,SUS0045,+91-9995205588,SUS0138,+91-9896760809,2026-08-17 12:17:45,265,SMS,Surat
CDR01503,SUS0030,+91-9907308348,SUS0010,+91-9899925830,2026-06-16 06:52:00,833,SMS,Patna
CDR01504,SUS0110,+91-9963919401,SUS0004,+91-9469319644,2026-02-04 17:02:00,1050,Data,Amritsar
CDR01505,SUS0086,+91-9437710224,SUS0113,+91-9426808977,2026-03-17 15:39:15,440,Voice,Bhopal
CDR01506,SUS0089,+91-9221827951,SUS0056,+91-9888807316,2026-06-14 13:24:45,909,Voice,Amritsar
CDR01507,SUS0062,+91-9275842194,SUS0027,+91-9670292350,2026-02-10 23:33:00,932,Voice,Chandigarh
CDR01508,SUS0071,+91-9587205269,SUS0137,+91-9288650860,2026-08-05 01:59:30,1403,Voice,Bhopal
CDR01509,SUS0126,+91-9609241268,SUS0106,+91-9874090950,2026-04-19 16:36:00,1735,Voice,Jaipur
CDR01510,SUS0054,+91-9600282414,SUS0040,+91-9399147754,2026-05-08 18:05:45,1477,Voice,Ahmedabad
CDR01511,SUS0092,+91-9722687986,SUS0048,+91-9925159146,2026-02-10 19:28:45,458,Voice,Amritsar
CDR01512,SUS0127,+91-9729712082,SUS0051,+91-9688273030,2026-05-21 16:45:45,222,SMS,Bhopal
CDR01513,SUS0147,+91-9190547712,SUS0124,+91-9853529912,2026-07-17 00:36:00,163,Voice,Kanpur
CDR01514,SUS0118,+91-9350180427,SUS0133,+91-9874807770,2026-05-12 02:29:45,783,SMS,Jaipur
CDR01515,SUS0046,+91-9952266893,SUS0095,+91-9235555899,2026-02-03 08:10:30,1442,Data,Lucknow
CDR01516,SUS0114,+91-9880179899,SUS0145,+91-9408246619,2026-05-10 21:28:30,1362,SMS,Ahmedabad
CDR01517,SUS0129,+91-9340781088,SUS0106,+91-9874090950,2026-01-26 21:38:45,1658,Data,Lucknow
CDR01518,SUS0108,+91-9679184667,SUS0127,+91-9729712082,2026-02-15 06:54:15,1576,SMS,Pune
CDR01519,SUS0140,+91-9529979713,SUS0113,+91-9426808977,2026-04-05 10:57:00,684,Data,Ahmedabad
CDR01520,SUS0096,+91-9540211187,SUS0117,+91-9458102728,2026-08-20 09:33:45,1563,Voice,Jaipur
CDR01521,SUS0135,+91-9219066986,SUS0112,+91-9337691219,2026-06-25 03:40:30,310,Voice,Surat
CDR01522,SUS0001,+91-9826600539,SUS0085,+91-9212313264,2026-07-03 04:52:15,951,Data,Bhopal
CDR01523,SUS0028,+91-9711684318,SUS0055,+91-9922050912,2026-07-20 07:33:45,1162,Voice,Delhi
CDR01524,SUS0024,+91-9909134796,SUS0048,+91-9925159146,2026-08-07 06:49:15,395,Data,Chandigarh
CDR01525,SUS0136,+91-9158821683,SUS0102,+91-9599561877,2026-03-08 04:28:30,782,Voice,Surat
CDR01526,SUS0150,+91-9804433388,SUS0078,+91-9323110563,2026-06-02 23:16:45,994,Voice,Lucknow
CDR01527,SUS0009,+91-9326541099,SUS0147,+91-9190547712,2026-05-14 23:15:15,67,Voice,Chandigarh
CDR01528,SUS0049,+91-9926830795,SUS0005,+91-9764130526,2026-05-21 02:18:00,1077,Voice,Surat
CDR01529,SUS0018,+91-9584779555,SUS0093,+91-9445505799,2026-03-20 05:15:45,1505,Voice,Patna
CDR01530,SUS0120,+91-9156263020,SUS0068,+91-9480990401,2026-01-02 12:57:00,167,Voice,Amritsar
CDR01531,SUS0088,+91-9570423569,SUS0033,+91-9749431082,2026-01-17 09:17:30,1104,Voice,Pune
CDR01532,SUS0094,+91-9899621068,SUS0073,+91-9115191689,2026-04-20 03:37:45,1038,Voice,Patna
CDR01533,SUS0104,+91-9417001612,SUS0025,+91-9519212169,2026-03-23 10:12:15,1221,Voice,Chandigarh
CDR01534,SUS0043,+91-9175133802,SUS0045,+91-9995205588,2026-02-10 06:59:15,1175,Voice,Amritsar
CDR01535,SUS0007,+91-9833953718,SUS0071,+91-9587205269,2026-05-20 16:49:30,544,Voice,Delhi
CDR01536,SUS0081,+91-9987588450,SUS0124,+91-9853529912,2026-04-23 02:07:45,324,SMS,Nagpur
CDR01537,SUS0082,+91-9851333320,SUS0088,+91-9570423569,2026-02-04 12:41:00,375,Voice,Kanpur
CDR01538,SUS0075,+91-9612957813,SUS0130,+91-9924024405,2026-03-11 17:58:30,1155,Voice,Kanpur
CDR01539,SUS0085,+91-9212313264,SUS0046,+91-9952266893,2026-01-20 10:18:45,1674,Voice,Ahmedabad
CDR01540,SUS0110,+91-9963919401,SUS0018,+91-9584779555,2026-05-19 04:19:15,648,Voice,Amritsar
CDR01541,SUS0032,+91-9695499669,SUS0085,+91-9212313264,2026-06-06 22:27:15,479,Voice,Surat
CDR01542,SUS0056,+91-9888807316,SUS0047,+91-9906528433,2026-08-26 23:57:15,900,SMS,Jaipur
CDR01543,SUS0044,+91-9848621833,SUS0082,+91-9851333320,2026-06-09 20:11:00,259,Data,Chandigarh
CDR01544,SUS0020,+91-9242068763,SUS0089,+91-9221827951,2026-02-25 04:05:00,636,Voice,Indore
CDR01545,SUS0105,+91-9900122509,SUS0007,+91-9833953718,2026-08-08 14:50:30,686,Voice,Nagpur
CDR01546,SUS0075,+91-9612957813,SUS0068,+91-9480990401,2026-01-10 18:30:30,344,Voice,Kanpur
CDR01547,SUS0062,+91-9275842194,SUS0131,+91-9393421844,2026-02-25 10:19:15,1382,Data,Mumbai
CDR01548,SUS0067,+91-9584044963,SUS0054,+91-9600282414,2026-07-20 09:12:30,160,Voice,Nagpur
CDR01549,SUS0037,+91-9701170349,SUS0047,+91-9906528433,2026-03-21 20:01:45,202,Voice,Delhi
CDR01550,SUS0147,+91-9190547712,SUS0063,+91-9841541582,2026-01-07 18:44:15,693,SMS,Surat
CDR01551,SUS0055,+91-9922050912,SUS0028,+91-9711684318,2026-08-12 19:43:30,1199,Voice,Lucknow
CDR01552,SUS0025,+91-9519212169,SUS0042,+91-9649136331,2026-01-02 06:40:00,885,SMS,Delhi
CDR01553,SUS0008,+91-9787194506,SUS0097,+91-9452794611,2026-02-13 00:04:15,1529,Voice,Lucknow
CDR01554,SUS0145,+91-9408246619,SUS0121,+91-9337887233,2026-05-02 23:16:30,592,Voice,Patna
CDR01555,SUS0022,+91-9881913386,SUS0015,+91-9624636385,2026-05-15 17:49:00,62,SMS,Nagpur
CDR01556,SUS0147,+91-9190547712,SUS0092,+91-9722687986,2026-05-04 11:18:15,1251,Voice,Amritsar
CDR01557,SUS0034,+91-9554811020,SUS0083,+91-9748232591,2026-01-07 12:26:30,1452,SMS,Chandigarh
CDR01558,SUS0113,+91-9426808977,SUS0133,+91-9874807770,2026-06-04 20:39:30,1003,Voice,Patna
CDR01559,SUS0135,+91-9219066986,SUS0105,+91-9900122509,2026-04-14 13:14:30,792,Voice,Indore
CDR01560,SUS0008,+91-9787194506,SUS0069,+91-9536398872,2026-06-19 03:13:45,1441,Data,Nagpur
CDR01561,SUS0026,+91-9418587604,SUS0108,+91-9679184667,2026-05-03 10:02:45,1403,Voice,Kanpur
CDR01562,SUS0054,+91-9600282414,SUS0006,+91-9208449460,2026-04-25 11:12:45,1461,Voice,Ranchi
CDR01563,SUS0053,+91-9679984033,SUS0051,+91-9688273030,2026-04-19 20:59:30,30,Voice,Amritsar
CDR01564,SUS0114,+91-9880179899,SUS0145,+91-9408246619,2026-02-14 05:00:15,1323,Voice,Pune
CDR01565,SUS0006,+91-9208449460,SUS0148,+91-9403754671,2026-05-02 23:31:15,1120,Voice,Surat
CDR01566,SUS0113,+91-9426808977,SUS0030,+91-9907308348,2026-08-14 04:54:45,314,Voice,Bhopal
CDR01567,SUS0067,+91-9584044963,SUS0031,+91-9173864104,2026-01-21 15:19:30,181,Voice,Pune
CDR01568,SUS0139,+91-9534900128,SUS0045,+91-9995205588,2026-04-17 03:47:30,792,Data,Patna
CDR01569,SUS0068,+91-9480990401,SUS0144,+91-9955052486,2026-06-14 16:20:30,1145,Voice,Chandigarh
CDR01570,SUS0070,+91-9361246928,SUS0024,+91-9909134796,2026-02-14 09:41:45,1542,Voice,Surat
CDR01571,SUS0059,+91-9450948014,SUS0070,+91-9361246928,2026-03-09 03:52:30,255,Voice,Indore
CDR01572,SUS0068,+91-9480990401,SUS0075,+91-9612957813,2026-06-26 21:54:00,1667,Voice,Amritsar
CDR01573,SUS0076,+91-9704344408,SUS0095,+91-9235555899,2026-08-01 05:46:45,766,Voice,Ahmedabad
CDR01574,SUS0075,+91-9612957813,SUS0046,+91-9952266893,2026-04-13 04:29:00,1119,Voice,Amritsar
CDR01575,SUS0103,+91-9590523712,SUS0028,+91-9711684318,2026-01-28 15:53:00,1429,SMS,Mumbai
CDR01576,SUS0097,+91-9452794611,SUS0032,+91-9695499669,2026-05-27 16:16:45,1182,Voice,Indore
CDR01577,SUS0003,+91-9271432881,SUS0017,+91-9751325257,2026-05-18 22:05:45,721,Data,Lucknow
CDR01578,SUS0147,+91-9190547712,SUS0102,+91-9599561877,2026-05-23 14:31:15,612,Voice,Delhi
CDR01579,SUS0131,+91-9393421844,SUS0030,+91-9907308348,2026-03-15 04:30:45,1300,Data,Mumbai
CDR01580,SUS0096,+91-9540211187,SUS0118,+91-9350180427,2026-05-09 18:27:30,726,SMS,Surat
CDR01581,SUS0053,+91-9679984033,SUS0102,+91-9599561877,2026-06-06 05:48:30,242,SMS,Delhi
CDR01582,SUS0071,+91-9587205269,SUS0127,+91-9729712082,2026-06-21 00:24:45,516,Voice,Indore
CDR01583,SUS0045,+91-9995205588,SUS0043,+91-9175133802,2026-03-12 22:29:30,1069,SMS,Kanpur
CDR01584,SUS0096,+91-9540211187,SUS0023,+91-9596743109,2026-06-07 14:12:15,153,SMS,Nagpur
CDR01585,SUS0132,+91-9895609471,SUS0014,+91-9420452650,2026-05-23 02:14:45,528,Data,Mumbai
CDR01586,SUS0119,+91-9218032515,SUS0014,+91-9420452650,2026-08-06 07:31:15,1603,SMS,Mumbai
CDR01587,SUS0127,+91-9729712082,SUS0066,+91-9677858758,2026-06-21 20:01:45,820,Voice,Nagpur
CDR01588,SUS0064,+91-9810303128,SUS0081,+91-9987588450,2026-01-07 08:53:00,1547,SMS,Amritsar
CDR01589,SUS0078,+91-9323110563,SUS0055,+91-9922050912,2026-03-14 19:24:15,1594,SMS,Chandigarh
CDR01590,SUS0080,+91-9350636897,SUS0108,+91-9679184667,2026-07-05 15:39:15,292,Voice,Mumbai
CDR01591,SUS0052,+91-9659741412,SUS0143,+91-9706118438,2026-07-21 16:39:15,1402,Voice,Chandigarh
CDR01592,SUS0062,+91-9275842194,SUS0149,+91-9877103091,2026-02-02 18:54:30,780,Voice,Amritsar
CDR01593,SUS0114,+91-9880179899,SUS0075,+91-9612957813,2026-06-16 03:32:00,677,Voice,Lucknow
CDR01594,SUS0107,+91-9135824891,SUS0030,+91-9907308348,2026-03-27 15:57:15,369,SMS,Surat
CDR01595,SUS0075,+91-9612957813,SUS0129,+91-9340781088,2026-03-03 11:29:00,1342,SMS,Surat
CDR01596,SUS0049,+91-9926830795,SUS0004,+91-9469319644,2026-08-15 18:26:45,453,Voice,Chandigarh
CDR01597,SUS0058,+91-9811890569,SUS0082,+91-9851333320,2026-04-15 10:21:30,856,Voice,Chandigarh
CDR01598,SUS0106,+91-9874090950,SUS0076,+91-9704344408,2026-05-17 07:49:45,815,Voice,Lucknow
CDR01599,SUS0090,+91-9618079974,SUS0080,+91-9350636897,2026-01-14 13:34:00,789,SMS,Mumbai
CDR01600,SUS0010,+91-9899925830,SUS0030,+91-9907308348,2026-02-18 21:18:15,574,Voice,Indore
CDR01601,SUS0125,+91-9586940738,SUS0114,+91-9880179899,2026-07-02 18:52:45,1491,SMS,Ranchi
CDR01602,SUS0081,+91-9987588450,SUS0148,+91-9403754671,2026-07-26 02:22:45,390,SMS,Indore
CDR01603,SUS0012,+91-9739830322,SUS0126,+91-9609241268,2026-01-06 03:14:00,1731,SMS,Nagpur
CDR01604,SUS0141,+91-9222435172,SUS0093,+91-9445505799,2026-02-26 03:37:45,87,Voice,Delhi
CDR01605,SUS0116,+91-9396225446,SUS0093,+91-9445505799,2026-01-11 02:57:45,1374,Voice,Chandigarh
CDR01606,SUS0033,+91-9749431082,SUS0046,+91-9952266893,2026-03-20 05:01:00,640,Voice,Ranchi
CDR01607,SUS0052,+91-9659741412,SUS0117,+91-9458102728,2026-06-28 19:40:30,1270,Voice,Delhi
CDR01608,SUS0079,+91-9583724666,SUS0063,+91-9841541582,2026-02-16 19:53:00,1609,Voice,Surat
CDR01609,SUS0101,+91-9358589021,SUS0002,+91-9868820204,2026-01-24 23:02:00,1232,Voice,Indore
CDR01610,SUS0096,+91-9540211187,SUS0081,+91-9987588450,2026-02-23 06:08:00,1277,Data,Jaipur
CDR01611,SUS0043,+91-9175133802,SUS0127,+91-9729712082,2026-02-13 00:51:30,293,Voice,Bhopal
CDR01612,SUS0075,+91-9612957813,SUS0145,+91-9408246619,2026-07-13 22:09:45,655,Voice,Lucknow
CDR01613,SUS0079,+91-9583724666,SUS0060,+91-9475767056,2026-05-10 19:55:00,986,SMS,Surat
CDR01614,SUS0056,+91-9888807316,SUS0047,+91-9906528433,2026-04-15 13:52:30,65,SMS,Pune
CDR01615,SUS0089,+91-9221827951,SUS0118,+91-9350180427,2026-05-20 20:28:30,1730,Voice,Ahmedabad
CDR01616,SUS0138,+91-9896760809,SUS0076,+91-9704344408,2026-06-19 00:17:15,287,SMS,Delhi
CDR01617,SUS0116,+91-9396225446,SUS0124,+91-9853529912,2026-07-04 14:53:15,1065,Voice,Amritsar
CDR01618,SUS0023,+91-9596743109,SUS0002,+91-9868820204,2026-02-06 22:50:00,1789,Data,Patna
CDR01619,SUS0093,+91-9445505799,SUS0137,+91-9288650860,2026-07-05 16:57:45,1504,SMS,Chandigarh
CDR01620,SUS0023,+91-9596743109,SUS0081,+91-9987588450,2026-06-08 10:55:45,1560,Voice,Delhi
CDR01621,SUS0020,+91-9242068763,SUS0070,+91-9361246928,2026-08-13 01:31:30,767,Voice,Jaipur
CDR01622,SUS0142,+91-9374843786,SUS0090,+91-9618079974,2026-08-23 03:06:15,195,SMS,Delhi
CDR01623,SUS0075,+91-9612957813,SUS0012,+91-9739830322,2026-03-04 05:25:00,1136,Voice,Ranchi
CDR01624,SUS0124,+91-9853529912,SUS0118,+91-9350180427,2026-07-05 17:52:45,81,SMS,Bhopal
CDR01625,SUS0011,+91-9197613238,SUS0006,+91-9208449460,2026-06-06 03:42:00,51,Voice,Delhi
CDR01626,SUS0073,+91-9115191689,SUS0071,+91-9587205269,2026-06-26 06:16:45,1244,SMS,Pune
CDR01627,SUS0052,+91-9659741412,SUS0118,+91-9350180427,2026-06-03 06:38:30,78,Voice,Mumbai
CDR01628,SUS0066,+91-9677858758,SUS0127,+91-9729712082,2026-05-04 23:39:00,830,SMS,Surat
CDR01629,SUS0136,+91-9158821683,SUS0082,+91-9851333320,2026-08-04 10:17:15,1274,Data,Chandigarh
CDR01630,SUS0032,+91-9695499669,SUS0097,+91-9452794611,2026-08-09 10:58:15,292,SMS,Jaipur
CDR01631,SUS0086,+91-9437710224,SUS0031,+91-9173864104,2026-03-21 02:05:45,425,Voice,Ahmedabad
CDR01632,SUS0099,+91-9855797020,SUS0086,+91-9437710224,2026-08-07 21:29:30,891,Voice,Chandigarh
CDR01633,SUS0067,+91-9584044963,SUS0120,+91-9156263020,2026-07-14 12:09:30,1499,Voice,Jaipur
CDR01634,SUS0115,+91-9497853519,SUS0113,+91-9426808977,2026-02-16 22:55:30,719,Voice,Amritsar
CDR01635,SUS0093,+91-9445505799,SUS0006,+91-9208449460,2026-04-13 16:00:45,127,Voice,Amritsar
CDR01636,SUS0091,+91-9396618390,SUS0150,+91-9804433388,2026-02-04 17:58:00,339,Voice,Amritsar
CDR01637,SUS0047,+91-9906528433,SUS0143,+91-9706118438,2026-04-21 17:28:30,602,Voice,Kanpur
CDR01638,SUS0061,+91-9608482316,SUS0117,+91-9458102728,2026-07-21 08:45:00,389,Voice,Surat
CDR01639,SUS0127,+91-9729712082,SUS0066,+91-9677858758,2026-03-14 16:12:00,740,Voice,Bhopal
CDR01640,SUS0014,+91-9420452650,SUS0081,+91-9987588450,2026-03-02 07:24:00,971,Voice,Lucknow
CDR01641,SUS0029,+91-9319321646,SUS0103,+91-9590523712,2026-05-27 05:57:45,1058,Voice,Nagpur
CDR01642,SUS0045,+91-9995205588,SUS0127,+91-9729712082,2026-08-05 11:23:15,1565,Voice,Nagpur
CDR01643,SUS0007,+91-9833953718,SUS0071,+91-9587205269,2026-07-11 20:43:30,122,Data,Lucknow
CDR01644,SUS0061,+91-9608482316,SUS0117,+91-9458102728,2026-05-28 03:17:45,1440,Voice,Mumbai
CDR01645,SUS0031,+91-9173864104,SUS0040,+91-9399147754,2026-06-02 15:10:00,726,Voice,Bhopal
CDR01646,SUS0087,+91-9301415220,SUS0050,+91-9960514523,2026-05-04 11:25:15,1222,SMS,Pune
CDR01647,SUS0129,+91-9340781088,SUS0028,+91-9711684318,2026-07-21 20:26:30,484,Voice,Delhi
CDR01648,SUS0061,+91-9608482316,SUS0112,+91-9337691219,2026-07-21 20:20:15,30,Voice,Jaipur
CDR01649,SUS0121,+91-9337887233,SUS0109,+91-9463692735,2026-08-13 18:48:00,943,Voice,Jaipur
CDR01650,SUS0081,+91-9987588450,SUS0021,+91-9807577342,2026-06-15 17:38:45,1520,Voice,Jaipur
CDR01651,SUS0085,+91-9212313264,SUS0032,+91-9695499669,2026-01-01 06:08:00,857,Voice,Surat
CDR01652,SUS0134,+91-9392168202,SUS0066,+91-9677858758,2026-01-04 12:22:15,372,SMS,Kanpur
CDR01653,SUS0086,+91-9437710224,SUS0113,+91-9426808977,2026-03-17 17:59:30,517,Voice,Kanpur
CDR01654,SUS0122,+91-9531233244,SUS0022,+91-9881913386,2026-02-16 18:07:30,659,Data,Ahmedabad
CDR01655,SUS0136,+91-9158821683,SUS0044,+91-9848621833,2026-04-23 12:08:00,1309,SMS,Patna
CDR01656,SUS0120,+91-9156263020,SUS0067,+91-9584044963,2026-04-28 15:29:45,338,SMS,Delhi
CDR01657,SUS0103,+91-9590523712,SUS0055,+91-9922050912,2026-03-03 00:43:45,1556,Voice,Mumbai
CDR01658,SUS0135,+91-9219066986,SUS0120,+91-9156263020,2026-04-08 22:45:45,1126,SMS,Surat
CDR01659,SUS0110,+91-9963919401,SUS0126,+91-9609241268,2026-08-04 02:51:15,388,Data,Chandigarh
CDR01660,SUS0028,+91-9711684318,SUS0129,+91-9340781088,2026-02-13 07:56:00,1704,SMS,Jaipur
CDR01661,SUS0150,+91-9804433388,SUS0149,+91-9877103091,2026-04-16 22:54:00,174,Voice,Indore
CDR01662,SUS0022,+91-9881913386,SUS0058,+91-9811890569,2026-06-18 09:17:15,851,Data,Lucknow
CDR01663,SUS0065,+91-9488896443,SUS0046,+91-9952266893,2026-02-13 07:07:15,1449,Voice,Surat
CDR01664,SUS0126,+91-9609241268,SUS0037,+91-9701170349,2026-08-19 19:14:30,1167,Data,Bhopal
CDR01665,SUS0128,+91-9874233009,SUS0112,+91-9337691219,2026-07-13 19:14:15,22,Data,Patna
CDR01666,SUS0062,+91-9275842194,SUS0120,+91-9156263020,2026-01-01 01:31:00,1194,Voice,Jaipur
CDR01667,SUS0029,+91-9319321646,SUS0098,+91-9138546365,2026-05-26 19:15:30,579,SMS,Bhopal
CDR01668,SUS0131,+91-9393421844,SUS0030,+91-9907308348,2026-07-17 01:16:45,195,Voice,Patna
CDR01669,SUS0024,+91-9909134796,SUS0104,+91-9417001612,2026-03-09 22:32:00,349,SMS,Delhi
CDR01670,SUS0085,+91-9212313264,SUS0024,+91-9909134796,2026-08-15 02:24:30,1682,Voice,Ahmedabad
CDR01671,SUS0112,+91-9337691219,SUS0117,+91-9458102728,2026-03-28 06:25:30,545,Voice,Lucknow
CDR01672,SUS0114,+91-9880179899,SUS0121,+91-9337887233,2026-07-19 18:18:45,1341,Data,Chandigarh
CDR01673,SUS0013,+91-9566825638,SUS0058,+91-9811890569,2026-05-21 10:59:00,313,Data,Lucknow
CDR01674,SUS0053,+91-9679984033,SUS0034,+91-9554811020,2026-08-12 22:33:15,966,Data,Nagpur
CDR01675,SUS0085,+91-9212313264,SUS0046,+91-9952266893,2026-06-13 09:48:15,449,Voice,Pune
CDR01676,SUS0007,+91-9833953718,SUS0013,+91-9566825638,2026-06-27 15:04:45,99,Voice,Ranchi
CDR01677,SUS0008,+91-9787194506,SUS0006,+91-9208449460,2026-04-27 00:52:15,61,SMS,Nagpur
CDR01678,SUS0034,+91-9554811020,SUS0053,+91-9679984033,2026-04-08 20:21:15,1337,SMS,Kanpur
CDR01679,SUS0147,+91-9190547712,SUS0059,+91-9450948014,2026-03-04 21:04:15,317,SMS,Chandigarh
CDR01680,SUS0091,+91-9396618390,SUS0069,+91-9536398872,2026-05-27 22:32:45,196,SMS,Indore
CDR01681,SUS0018,+91-9584779555,SUS0122,+91-9531233244,2026-01-21 09:48:00,635,Voice,Chandigarh
CDR01682,SUS0099,+91-9855797020,SUS0072,+91-9893070706,2026-01-12 01:05:00,1117,SMS,Ahmedabad
CDR01683,SUS0033,+91-9749431082,SUS0052,+91-9659741412,2026-07-20 07:53:00,582,SMS,Nagpur
CDR01684,SUS0008,+91-9787194506,SUS0061,+91-9608482316,2026-04-04 06:04:30,1158,Voice,Ranchi
CDR01685,SUS0054,+91-9600282414,SUS0111,+91-9821920438,2026-08-07 17:29:15,930,SMS,Surat
CDR01686,SUS0133,+91-9874807770,SUS0143,+91-9706118438,2026-02-03 07:56:00,1784,Voice,Mumbai
CDR01687,SUS0145,+91-9408246619,SUS0075,+91-9612957813,2026-03-01 21:14:15,57,Voice,Delhi
CDR01688,SUS0027,+91-9670292350,SUS0036,+91-9144913399,2026-05-26 01:13:15,561,Voice,Chandigarh
CDR01689,SUS0134,+91-9392168202,SUS0003,+91-9271432881,2026-06-28 01:31:30,468,Data,Pune
CDR01690,SUS0131,+91-9393421844,SUS0142,+91-9374843786,2026-01-12 14:36:30,495,Voice,Patna
CDR01691,SUS0030,+91-9907308348,SUS0096,+91-9540211187,2026-07-02 06:33:45,894,Voice,Kanpur
CDR01692,SUS0110,+91-9963919401,SUS0112,+91-9337691219,2026-04-17 15:02:00,1107,SMS,Chandigarh
CDR01693,SUS0065,+91-9488896443,SUS0005,+91-9764130526,2026-06-10 19:08:15,832,Data,Kanpur
CDR01694,SUS0006,+91-9208449460,SUS0054,+91-9600282414,2026-06-22 21:04:30,459,Voice,Bhopal
CDR01695,SUS0082,+91-9851333320,SUS0136,+91-9158821683,2026-04-03 17:55:15,1002,Data,Mumbai
CDR01696,SUS0045,+91-9995205588,SUS0138,+91-9896760809,2026-03-09 02:22:45,125,Data,Mumbai
CDR01697,SUS0111,+91-9821920438,SUS0041,+91-9223847257,2026-02-17 06:16:30,1415,Voice,Indore
CDR01698,SUS0094,+91-9899621068,SUS0054,+91-9600282414,2026-05-21 09:52:15,54,Voice,Surat
CDR01699,SUS0117,+91-9458102728,SUS0054,+91-9600282414,2026-02-21 18:04:00,404,Voice,Delhi
CDR01700,SUS0096,+91-9540211187,SUS0021,+91-9807577342,2026-02-28 17:00:15,1169,Voice,Pune
CDR01701,SUS0103,+91-9590523712,SUS0091,+91-9396618390,2026-01-19 20:41:00,1001,SMS,Surat
CDR01702,SUS0039,+91-9141580226,SUS0007,+91-9833953718,2026-06-25 17:44:15,1153,Voice,Lucknow
CDR01703,SUS0123,+91-9395296179,SUS0118,+91-9350180427,2026-03-06 20:32:30,624,Voice,Pune
CDR01704,SUS0136,+91-9158821683,SUS0035,+91-9559225330,2026-05-24 23:33:15,589,Voice,Lucknow
CDR01705,SUS0119,+91-9218032515,SUS0132,+91-9895609471,2026-03-27 09:44:00,1100,Voice,Ahmedabad
CDR01706,SUS0054,+91-9600282414,SUS0016,+91-9621828280,2026-05-21 00:02:00,1378,Voice,Delhi
CDR01707,SUS0073,+91-9115191689,SUS0070,+91-9361246928,2026-01-08 20:06:30,120,Data,Kanpur
CDR01708,SUS0023,+91-9596743109,SUS0089,+91-9221827951,2026-07-15 17:21:15,531,Data,Mumbai
CDR01709,SUS0112,+91-9337691219,SUS0117,+91-9458102728,2026-06-04 12:15:45,1791,SMS,Jaipur
CDR01710,SUS0097,+91-9452794611,SUS0148,+91-9403754671,2026-07-24 23:47:00,483,Voice,Ranchi
CDR01711,SUS0136,+91-9158821683,SUS0003,+91-9271432881,2026-07-01 07:03:00,1543,Data,Pune
CDR01712,SUS0027,+91-9670292350,SUS0133,+91-9874807770,2026-03-01 22:32:30,701,Voice,Nagpur
CDR01713,SUS0134,+91-9392168202,SUS0022,+91-9881913386,2026-01-13 11:03:15,969,SMS,Chandigarh
CDR01714,SUS0121,+91-9337887233,SUS0046,+91-9952266893,2026-08-08 00:44:00,1038,SMS,Ahmedabad
CDR01715,SUS0132,+91-9895609471,SUS0014,+91-9420452650,2026-01-02 18:51:00,552,Data,Lucknow
CDR01716,SUS0056,+91-9888807316,SUS0073,+91-9115191689,2026-02-14 17:57:30,522,Data,Bhopal
CDR01717,SUS0078,+91-9323110563,SUS0150,+91-9804433388,2026-02-01 23:02:00,1416,SMS,Delhi
CDR01718,SUS0060,+91-9475767056,SUS0083,+91-9748232591,2026-04-25 18:35:00,447,Voice,Ranchi
CDR01719,SUS0117,+91-9458102728,SUS0052,+91-9659741412,2026-06-17 01:07:45,83,SMS,Amritsar
CDR01720,SUS0074,+91-9908304440,SUS0097,+91-9452794611,2026-07-24 05:00:30,432,Voice,Pune
CDR01721,SUS0057,+91-9829223044,SUS0065,+91-9488896443,2026-01-07 20:44:15,1257,Voice,Surat
CDR01722,SUS0008,+91-9787194506,SUS0006,+91-9208449460,2026-07-12 11:16:00,1496,Voice,Pune
CDR01723,SUS0057,+91-9829223044,SUS0087,+91-9301415220,2026-01-01 09:17:30,1355,Voice,Indore
CDR01724,SUS0099,+91-9855797020,SUS0123,+91-9395296179,2026-05-20 10:05:45,1559,Voice,Nagpur
CDR01725,SUS0030,+91-9907308348,SUS0012,+91-9739830322,2026-08-19 01:14:30,1581,SMS,Surat
CDR01726,SUS0004,+91-9469319644,SUS0006,+91-9208449460,2026-01-22 13:34:00,1524,Voice,Lucknow
CDR01727,SUS0050,+91-9960514523,SUS0084,+91-9799552991,2026-03-24 14:16:30,795,Voice,Pune
CDR01728,SUS0091,+91-9396618390,SUS0048,+91-9925159146,2026-06-15 14:58:15,904,SMS,Mumbai
CDR01729,SUS0041,+91-9223847257,SUS0096,+91-9540211187,2026-04-05 20:57:45,115,Data,Amritsar
CDR01730,SUS0062,+91-9275842194,SUS0149,+91-9877103091,2026-05-03 22:09:00,1496,Voice,Bhopal
CDR01731,SUS0149,+91-9877103091,SUS0002,+91-9868820204,2026-06-08 22:31:45,1101,Data,Pune
CDR01732,SUS0060,+91-9475767056,SUS0002,+91-9868820204,2026-05-23 00:51:30,1371,Data,Patna
CDR01733,SUS0043,+91-9175133802,SUS0045,+91-9995205588,2026-07-24 06:33:30,1052,SMS,Bhopal
CDR01734,SUS0036,+91-9144913399,SUS0071,+91-9587205269,2026-01-27 17:55:00,1705,Voice,Patna
CDR01735,SUS0087,+91-9301415220,SUS0147,+91-9190547712,2026-07-11 00:18:15,1090,Voice,Mumbai
CDR01736,SUS0028,+91-9711684318,SUS0129,+91-9340781088,2026-06-10 08:07:15,1255,Voice,Bhopal
CDR01737,SUS0003,+91-9271432881,SUS0109,+91-9463692735,2026-08-28 14:33:45,874,Voice,Bhopal
CDR01738,SUS0136,+91-9158821683,SUS0049,+91-9926830795,2026-05-03 20:03:00,953,Voice,Chandigarh
CDR01739,SUS0116,+91-9396225446,SUS0097,+91-9452794611,2026-05-16 14:38:15,130,SMS,Chandigarh
CDR01740,SUS0007,+91-9833953718,SUS0027,+91-9670292350,2026-04-01 00:27:45,669,Voice,Lucknow
CDR01741,SUS0049,+91-9926830795,SUS0074,+91-9908304440,2026-04-09 06:11:30,1626,SMS,Chandigarh
CDR01742,SUS0044,+91-9848621833,SUS0032,+91-9695499669,2026-03-23 00:58:15,1069,SMS,Pune
CDR01743,SUS0125,+91-9586940738,SUS0046,+91-9952266893,2026-07-05 19:11:30,952,SMS,Jaipur
CDR01744,SUS0005,+91-9764130526,SUS0049,+91-9926830795,2026-03-16 10:33:45,1642,Voice,Mumbai
CDR01745,SUS0055,+91-9922050912,SUS0029,+91-9319321646,2026-05-25 23:28:45,324,Data,Delhi
CDR01746,SUS0145,+91-9408246619,SUS0121,+91-9337887233,2026-06-11 23:23:30,1659,SMS,Jaipur
CDR01747,SUS0119,+91-9218032515,SUS0134,+91-9392168202,2026-08-15 14:43:45,1777,Voice,Amritsar
CDR01748,SUS0083,+91-9748232591,SUS0101,+91-9358589021,2026-04-23 12:16:30,25,Voice,Lucknow
CDR01749,SUS0149,+91-9877103091,SUS0088,+91-9570423569,2026-07-24 17:19:15,1069,Data,Surat
CDR01750,SUS0001,+91-9826600539,SUS0082,+91-9851333320,2026-04-04 00:14:15,1275,Data,Pune
CDR01751,SUS0091,+91-9396618390,SUS0133,+91-9874807770,2026-03-24 21:34:15,464,Data,Lucknow
CDR01752,SUS0068,+91-9480990401,SUS0075,+91-9612957813,2026-04-20 22:24:15,1732,SMS,Ranchi
CDR01753,SUS0041,+91-9223847257,SUS0147,+91-9190547712,2026-06-04 00:40:30,1688,Data,Indore
CDR01754,SUS0020,+91-9242068763,SUS0069,+91-9536398872,2026-02-16 01:35:45,921,Voice,Indore
CDR01755,SUS0083,+91-9748232591,SUS0101,+91-9358589021,2026-01-05 01:50:45,733,Data,Mumbai
CDR01756,SUS0063,+91-9841541582,SUS0139,+91-9534900128,2026-02-25 19:24:00,1431,SMS,Chandigarh
CDR01757,SUS0112,+91-9337691219,SUS0069,+91-9536398872,2026-07-02 21:15:30,1383,Voice,Ranchi
CDR01758,SUS0116,+91-9396225446,SUS0027,+91-9670292350,2026-08-19 04:56:30,190,Voice,Amritsar
CDR01759,SUS0080,+91-9350636897,SUS0050,+91-9960514523,2026-05-23 22:03:00,326,Data,Pune
CDR01760,SUS0100,+91-9562446417,SUS0146,+91-9969533218,2026-04-23 20:46:15,1088,Voice,Jaipur
CDR01761,SUS0074,+91-9908304440,SUS0077,+91-9508427798,2026-04-21 12:52:45,1032,SMS,Chandigarh
CDR01762,SUS0020,+91-9242068763,SUS0096,+91-9540211187,2026-05-22 21:59:45,359,Voice,Ahmedabad
CDR01763,SUS0025,+91-9519212169,SUS0141,+91-9222435172,2026-08-20 22:07:45,1746,SMS,Pune
CDR01764,SUS0114,+91-9880179899,SUS0068,+91-9480990401,2026-06-10 10:36:00,1414,Voice,Kanpur
CDR01765,SUS0024,+91-9909134796,SUS0085,+91-9212313264,2026-07-21 00:02:30,677,Data,Jaipur
CDR01766,SUS0113,+91-9426808977,SUS0143,+91-9706118438,2026-06-14 13:56:30,1786,Voice,Chandigarh
CDR01767,SUS0036,+91-9144913399,SUS0149,+91-9877103091,2026-03-24 18:25:00,188,SMS,Bhopal
CDR01768,SUS0063,+91-9841541582,SUS0049,+91-9926830795,2026-03-19 04:07:15,641,Voice,Indore
CDR01769,SUS0096,+91-9540211187,SUS0019,+91-9860038427,2026-02-26 17:57:15,1090,Data,Nagpur
CDR01770,SUS0033,+91-9749431082,SUS0115,+91-9497853519,2026-08-03 05:03:45,51,Voice,Indore
CDR01771,SUS0072,+91-9893070706,SUS0060,+91-9475767056,2026-06-22 19:26:30,1164,Data,Indore
CDR01772,SUS0138,+91-9896760809,SUS0113,+91-9426808977,2026-05-08 21:00:45,30,Voice,Patna
CDR01773,SUS0009,+91-9326541099,SUS0148,+91-9403754671,2026-08-03 03:41:45,1279,Voice,Surat
CDR01774,SUS0037,+91-9701170349,SUS0072,+91-9893070706,2026-02-11 12:19:45,1332,SMS,Ahmedabad
CDR01775,SUS0105,+91-9900122509,SUS0091,+91-9396618390,2026-08-07 20:40:00,435,Voice,Mumbai
CDR01776,SUS0084,+91-9799552991,SUS0050,+91-9960514523,2026-01-13 20:23:15,475,SMS,Indore
CDR01777,SUS0007,+91-9833953718,SUS0100,+91-9562446417,2026-08-21 00:51:30,1179,Voice,Patna
CDR01778,SUS0010,+91-9899925830,SUS0052,+91-9659741412,2026-02-19 02:45:30,401,SMS,Kanpur
CDR01779,SUS0068,+91-9480990401,SUS0114,+91-9880179899,2026-03-17 09:55:00,1064,SMS,Mumbai
CDR01780,SUS0026,+91-9418587604,SUS0082,+91-9851333320,2026-04-02 11:34:15,769,Data,Indore
CDR01781,SUS0110,+91-9963919401,SUS0061,+91-9608482316,2026-03-16 14:06:30,1526,Data,Chandigarh
CDR01782,SUS0132,+91-9895609471,SUS0017,+91-9751325257,2026-06-27 13:14:45,309,Voice,Surat
CDR01783,SUS0009,+91-9326541099,SUS0034,+91-9554811020,2026-04-09 14:44:45,593,Voice,Patna
CDR01784,SUS0013,+91-9566825638,SUS0068,+91-9480990401,2026-02-08 00:09:15,1051,Voice,Amritsar
CDR01785,SUS0003,+91-9271432881,SUS0059,+91-9450948014,2026-04-14 05:46:15,912,Voice,Chandigarh
CDR01786,SUS0092,+91-9722687986,SUS0059,+91-9450948014,2026-03-19 16:43:30,905,Voice,Patna
CDR01787,SUS0038,+91-9126614158,SUS0134,+91-9392168202,2026-04-16 08:56:30,1662,Voice,Lucknow
CDR01788,SUS0066,+91-9677858758,SUS0088,+91-9570423569,2026-03-24 02:22:45,992,Voice,Bhopal
CDR01789,SUS0091,+91-9396618390,SUS0028,+91-9711684318,2026-07-24 20:34:00,244,Voice,Indore
CDR01790,SUS0056,+91-9888807316,SUS0066,+91-9677858758,2026-02-17 16:45:15,1383,Data,Nagpur
CDR01791,SUS0109,+91-9463692735,SUS0113,+91-9426808977,2026-01-15 00:51:30,640,SMS,Ahmedabad
CDR01792,SUS0052,+91-9659741412,SUS0142,+91-9374843786,2026-02-08 01:39:00,806,SMS,Pune
CDR01793,SUS0125,+91-9586940738,SUS0046,+91-9952266893,2026-04-20 23:18:45,1085,Voice,Nagpur
CDR01794,SUS0069,+91-9536398872,SUS0023,+91-9596743109,2026-01-27 02:28:15,175,Data,Kanpur
CDR01795,SUS0020,+91-9242068763,SUS0069,+91-9536398872,2026-05-23 22:20:45,739,Data,Chandigarh
CDR01796,SUS0046,+91-9952266893,SUS0114,+91-9880179899,2026-05-01 14:16:30,456,Data,Kanpur
CDR01797,SUS0116,+91-9396225446,SUS0004,+91-9469319644,2026-05-17 05:52:15,1486,Voice,Ranchi
CDR01798,SUS0129,+91-9340781088,SUS0141,+91-9222435172,2026-03-27 06:51:30,1130,Voice,Ranchi
CDR01799,SUS0029,+91-9319321646,SUS0102,+91-9599561877,2026-03-22 05:52:45,566,Voice,Nagpur
CDR01800,SUS0056,+91-9888807316,SUS0047,+91-9906528433,2026-03-04 22:04:15,1240,SMS,Delhi
CDR01801,SUS0056,+91-9888807316,SUS0133,+91-9874807770,2026-07-16 16:45:45,562,SMS,Amritsar
CDR01802,SUS0050,+91-9960514523,SUS0052,+91-9659741412,2026-06-04 22:43:00,1500,Data,Ranchi
CDR01803,SUS0112,+91-9337691219,SUS0094,+91-9899621068,2026-04-03 13:17:30,1724,SMS,Patna
CDR01804,SUS0071,+91-9587205269,SUS0062,+91-9275842194,2026-01-04 14:50:45,1105,Voice,Ahmedabad
CDR01805,SUS0053,+91-9679984033,SUS0018,+91-9584779555,2026-04-16 00:58:30,1552,SMS,Delhi
CDR01806,SUS0060,+91-9475767056,SUS0123,+91-9395296179,2026-06-15 06:42:15,868,Voice,Nagpur
CDR01807,SUS0061,+91-9608482316,SUS0120,+91-9156263020,2026-05-21 18:26:45,353,SMS,Indore
CDR01808,SUS0089,+91-9221827951,SUS0058,+91-9811890569,2026-07-23 13:26:00,1130,Voice,Lucknow
CDR01809,SUS0043,+91-9175133802,SUS0031,+91-9173864104,2026-05-01 19:11:00,664,Voice,Mumbai
CDR01810,SUS0015,+91-9624636385,SUS0014,+91-9420452650,2026-01-15 08:01:00,835,Voice,Bhopal
CDR01811,SUS0057,+91-9829223044,SUS0140,+91-9529979713,2026-01-11 16:09:15,320,SMS,Surat
CDR01812,SUS0103,+91-9590523712,SUS0150,+91-9804433388,2026-02-01 02:14:45,403,SMS,Ahmedabad
CDR01813,SUS0053,+91-9679984033,SUS0136,+91-9158821683,2026-08-09 11:38:00,1570,Voice,Bhopal
CDR01814,SUS0023,+91-9596743109,SUS0013,+91-9566825638,2026-01-16 11:08:15,505,Voice,Bhopal
CDR01815,SUS0060,+91-9475767056,SUS0147,+91-9190547712,2026-03-06 05:14:00,511,SMS,Amritsar
CDR01816,SUS0062,+91-9275842194,SUS0023,+91-9596743109,2026-04-20 13:18:45,861,Voice,Jaipur
CDR01817,SUS0089,+91-9221827951,SUS0064,+91-9810303128,2026-07-28 17:58:45,1375,Voice,Ahmedabad
CDR01818,SUS0067,+91-9584044963,SUS0014,+91-9420452650,2026-06-28 14:11:00,930,Data,Patna
CDR01819,SUS0097,+91-9452794611,SUS0074,+91-9908304440,2026-02-28 12:12:45,644,SMS,Jaipur
CDR01820,SUS0065,+91-9488896443,SUS0063,+91-9841541582,2026-04-17 06:25:30,1473,Voice,Lucknow
CDR01821,SUS0044,+91-9848621833,SUS0035,+91-9559225330,2026-08-21 07:15:45,1326,Voice,Jaipur
CDR01822,SUS0092,+91-9722687986,SUS0084,+91-9799552991,2026-07-03 13:38:30,186,Voice,Bhopal
CDR01823,SUS0142,+91-9374843786,SUS0134,+91-9392168202,2026-06-01 20:56:45,140,Voice,Amritsar
CDR01824,SUS0020,+91-9242068763,SUS0054,+91-9600282414,2026-03-08 14:37:30,1725,Voice,Bhopal
CDR01825,SUS0028,+91-9711684318,SUS0129,+91-9340781088,2026-02-14 21:13:30,42,SMS,Delhi
CDR01826,SUS0004,+91-9469319644,SUS0077,+91-9508427798,2026-02-09 06:15:15,1612,SMS,Jaipur
CDR01827,SUS0006,+91-9208449460,SUS0031,+91-9173864104,2026-06-16 02:10:00,755,Voice,Chandigarh
CDR01828,SUS0066,+91-9677858758,SUS0026,+91-9418587604,2026-05-12 20:40:00,284,Data,Chandigarh
CDR01829,SUS0133,+91-9874807770,SUS0027,+91-9670292350,2026-02-18 10:38:15,285,Voice,Kanpur
CDR01830,SUS0094,+91-9899621068,SUS0112,+91-9337691219,2026-02-02 22:00:30,595,SMS,Delhi
CDR01831,SUS0001,+91-9826600539,SUS0089,+91-9221827951,2026-07-07 16:34:45,1518,SMS,Mumbai
CDR01832,SUS0082,+91-9851333320,SUS0032,+91-9695499669,2026-03-20 08:29:45,241,SMS,Patna
CDR01833,SUS0073,+91-9115191689,SUS0071,+91-9587205269,2026-06-10 13:52:15,582,Voice,Pune
CDR01834,SUS0099,+91-9855797020,SUS0123,+91-9395296179,2026-04-15 06:58:45,798,Voice,Surat
CDR01835,SUS0036,+91-9144913399,SUS0128,+91-9874233009,2026-01-26 20:17:30,1167,Voice,Chandigarh
CDR01836,SUS0149,+91-9877103091,SUS0120,+91-9156263020,2026-01-17 23:57:45,443,SMS,Ranchi
CDR01837,SUS0002,+91-9868820204,SUS0101,+91-9358589021,2026-03-08 19:06:45,259,Voice,Lucknow
CDR01838,SUS0061,+91-9608482316,SUS0117,+91-9458102728,2026-05-27 13:02:15,614,SMS,Surat
CDR01839,SUS0107,+91-9135824891,SUS0142,+91-9374843786,2026-06-20 12:26:45,364,SMS,Ranchi
CDR01840,SUS0105,+91-9900122509,SUS0112,+91-9337691219,2026-08-03 12:03:15,1739,SMS,Surat
CDR01841,SUS0049,+91-9926830795,SUS0032,+91-9695499669,2026-05-10 00:37:30,828,SMS,Ranchi
CDR01842,SUS0103,+91-9590523712,SUS0055,+91-9922050912,2026-03-14 23:00:45,147,SMS,Jaipur
CDR01843,SUS0074,+91-9908304440,SUS0044,+91-9848621833,2026-07-03 22:06:15,364,Voice,Chandigarh
CDR01844,SUS0036,+91-9144913399,SUS0072,+91-9893070706,2026-04-18 14:17:45,149,SMS,Amritsar
CDR01845,SUS0033,+91-9749431082,SUS0002,+91-9868820204,2026-02-05 00:53:45,1487,SMS,Pune
CDR01846,SUS0109,+91-9463692735,SUS0072,+91-9893070706,2026-07-13 00:05:30,519,Voice,Chandigarh
CDR01847,SUS0087,+91-9301415220,SUS0050,+91-9960514523,2026-01-23 15:48:45,984,Voice,Jaipur
CDR01848,SUS0033,+91-9749431082,SUS0072,+91-9893070706,2026-02-22 17:26:15,1423,Data,Jaipur
CDR01849,SUS0125,+91-9586940738,SUS0121,+91-9337887233,2026-08-08 06:50:15,1786,SMS,Ranchi
CDR01850,SUS0145,+91-9408246619,SUS0146,+91-9969533218,2026-04-10 12:17:15,640,Voice,Ranchi
CDR01851,SUS0120,+91-9156263020,SUS0067,+91-9584044963,2026-05-24 21:04:30,284,SMS,Ahmedabad
CDR01852,SUS0109,+91-9463692735,SUS0145,+91-9408246619,2026-01-17 07:25:00,902,SMS,Ranchi
CDR01853,SUS0139,+91-9534900128,SUS0133,+91-9874807770,2026-06-14 14:13:30,1236,Voice,Surat
CDR01854,SUS0140,+91-9529979713,SUS0042,+91-9649136331,2026-01-25 15:51:30,235,Voice,Pune
CDR01855,SUS0125,+91-9586940738,SUS0113,+91-9426808977,2026-04-06 00:06:15,1016,Voice,Jaipur
CDR01856,SUS0035,+91-9559225330,SUS0136,+91-9158821683,2026-05-20 08:40:45,1301,Voice,Surat
CDR01857,SUS0028,+91-9711684318,SUS0129,+91-9340781088,2026-06-02 14:16:45,1189,SMS,Indore
CDR01858,SUS0123,+91-9395296179,SUS0002,+91-9868820204,2026-04-24 18:32:45,1217,Voice,Lucknow
CDR01859,SUS0114,+91-9880179899,SUS0046,+91-9952266893,2026-05-02 09:01:15,1042,Voice,Lucknow
CDR01860,SUS0046,+91-9952266893,SUS0139,+91-9534900128,2026-05-04 17:11:30,1722,Voice,Ranchi
CDR01861,SUS0062,+91-9275842194,SUS0100,+91-9562446417,2026-02-08 04:58:30,959,SMS,Delhi
CDR01862,SUS0141,+91-9222435172,SUS0093,+91-9445505799,2026-08-23 10:46:15,815,Data,Patna
CDR01863,SUS0116,+91-9396225446,SUS0009,+91-9326541099,2026-08-14 18:50:45,235,Voice,Jaipur
CDR01864,SUS0086,+91-9437710224,SUS0042,+91-9649136331,2026-03-10 11:45:15,1383,SMS,Mumbai
CDR01865,SUS0007,+91-9833953718,SUS0062,+91-9275842194,2026-07-26 02:22:30,595,Voice,Jaipur
CDR01866,SUS0116,+91-9396225446,SUS0027,+91-9670292350,2026-03-21 12:56:15,733,SMS,Jaipur
CDR01867,SUS0103,+91-9590523712,SUS0055,+91-9922050912,2026-05-24 14:50:00,991,Voice,Mumbai
CDR01868,SUS0003,+91-9271432881,SUS0128,+91-9874233009,2026-07-26 13:57:00,1414,Voice,Nagpur
CDR01869,SUS0080,+91-9350636897,SUS0042,+91-9649136331,2026-05-10 23:37:15,122,SMS,Chandigarh
CDR01870,SUS0104,+91-9417001612,SUS0024,+91-9909134796,2026-02-11 03:20:00,133,SMS,Ahmedabad
CDR01871,SUS0026,+91-9418587604,SUS0051,+91-9688273030,2026-03-02 08:54:00,54,Voice,Bhopal
CDR01872,SUS0128,+91-9874233009,SUS0037,+91-9701170349,2026-05-26 03:41:30,1455,Voice,Kanpur
CDR01873,SUS0119,+91-9218032515,SUS0039,+91-9141580226,2026-08-15 12:06:30,497,Voice,Delhi
CDR01874,SUS0096,+91-9540211187,SUS0081,+91-9987588450,2026-08-16 08:41:15,1230,Voice,Kanpur
CDR01875,SUS0080,+91-9350636897,SUS0127,+91-9729712082,2026-08-12 07:02:00,1052,Voice,Delhi
CDR01876,SUS0142,+91-9374843786,SUS0010,+91-9899925830,2026-02-13 20:51:00,1704,Voice,Amritsar
CDR01877,SUS0139,+91-9534900128,SUS0077,+91-9508427798,2026-03-18 04:44:45,11,SMS,Jaipur
CDR01878,SUS0024,+91-9909134796,SUS0112,+91-9337691219,2026-06-26 07:47:00,742,Voice,Jaipur
CDR01879,SUS0105,+91-9900122509,SUS0018,+91-9584779555,2026-01-08 14:40:00,288,Voice,Surat
CDR01880,SUS0008,+91-9787194506,SUS0040,+91-9399147754,2026-02-18 09:09:15,772,SMS,Delhi
CDR01881,SUS0150,+91-9804433388,SUS0149,+91-9877103091,2026-02-27 20:01:15,360,Data,Delhi
CDR01882,SUS0076,+91-9704344408,SUS0019,+91-9860038427,2026-01-10 16:49:45,1328,Voice,Lucknow
CDR01883,SUS0140,+91-9529979713,SUS0104,+91-9417001612,2026-04-04 22:00:15,1538,Voice,Chandigarh
CDR01884,SUS0038,+91-9126614158,SUS0044,+91-9848621833,2026-03-01 20:25:15,1197,SMS,Delhi
CDR01885,SUS0096,+91-9540211187,SUS0118,+91-9350180427,2026-01-21 04:25:00,510,SMS,Patna
CDR01886,SUS0059,+91-9450948014,SUS0068,+91-9480990401,2026-03-27 17:52:15,1686,SMS,Mumbai
CDR01887,SUS0071,+91-9587205269,SUS0149,+91-9877103091,2026-06-08 14:12:45,926,SMS,Surat
CDR01888,SUS0054,+91-9600282414,SUS0074,+91-9908304440,2026-02-22 08:44:30,731,Voice,Ahmedabad
CDR01889,SUS0032,+91-9695499669,SUS0136,+91-9158821683,2026-08-07 20:17:15,152,Voice,Lucknow
CDR01890,SUS0059,+91-9450948014,SUS0087,+91-9301415220,2026-04-07 10:31:00,1240,Voice,Nagpur
CDR01891,SUS0139,+91-9534900128,SUS0148,+91-9403754671,2026-01-08 07:50:30,846,Data,Pune
CDR01892,SUS0149,+91-9877103091,SUS0111,+91-9821920438,2026-08-17 17:33:45,1689,SMS,Bhopal
CDR01893,SUS0015,+91-9624636385,SUS0079,+91-9583724666,2026-07-28 06:09:45,1098,SMS,Ahmedabad
CDR01894,SUS0132,+91-9895609471,SUS0038,+91-9126614158,2026-02-03 13:07:30,988,Voice,Surat
CDR01895,SUS0107,+91-9135824891,SUS0126,+91-9609241268,2026-06-14 18:53:45,1362,Data,Ahmedabad
CDR01896,SUS0102,+91-9599561877,SUS0136,+91-9158821683,2026-01-04 16:11:15,1627,SMS,Chandigarh
CDR01897,SUS0105,+91-9900122509,SUS0104,+91-9417001612,2026-03-04 01:45:00,75,Voice,Amritsar
CDR01898,SUS0118,+91-9350180427,SUS0044,+91-9848621833,2026-06-18 03:18:30,1334,SMS,Ahmedabad
CDR01899,SUS0134,+91-9392168202,SUS0119,+91-9218032515,2026-02-08 18:40:15,1061,SMS,Chandigarh
CDR01900,SUS0102,+91-9599561877,SUS0010,+91-9899925830,2026-05-09 06:35:30,1773,Voice,Patna
CDR01901,SUS0051,+91-9688273030,SUS0026,+91-9418587604,2026-04-25 09:52:30,1422,Voice,Mumbai
CDR01902,SUS0022,+91-9881913386,SUS0010,+91-9899925830,2026-02-26 05:49:45,1404,Voice,Bhopal
CDR01903,SUS0136,+91-9158821683,SUS0035,+91-9559225330,2026-08-23 00:18:15,460,Voice,Indore
CDR01904,SUS0094,+91-9899621068,SUS0054,+91-9600282414,2026-07-22 08:26:30,1006,SMS,Ranchi
CDR01905,SUS0091,+91-9396618390,SUS0078,+91-9323110563,2026-04-25 20:13:15,126,Voice,Patna
CDR01906,SUS0111,+91-9821920438,SUS0081,+91-9987588450,2026-07-24 19:37:30,1781,Voice,Pune
CDR01907,SUS0143,+91-9706118438,SUS0138,+91-9896760809,2026-07-28 11:58:45,844,Voice,Patna
CDR01908,SUS0028,+91-9711684318,SUS0129,+91-9340781088,2026-07-14 01:19:15,1111,Voice,Mumbai
CDR01909,SUS0085,+91-9212313264,SUS0024,+91-9909134796,2026-08-11 22:37:45,844,Data,Patna
CDR01910,SUS0087,+91-9301415220,SUS0148,+91-9403754671,2026-06-06 10:34:45,1126,Voice,Lucknow
CDR01911,SUS0038,+91-9126614158,SUS0129,+91-9340781088,2026-08-08 05:16:30,712,Voice,Chandigarh
CDR01912,SUS0021,+91-9807577342,SUS0131,+91-9393421844,2026-06-02 02:40:30,665,SMS,Pune
CDR01913,SUS0094,+91-9899621068,SUS0061,+91-9608482316,2026-05-12 00:19:45,1722,SMS,Patna
CDR01914,SUS0090,+91-9618079974,SUS0142,+91-9374843786,2026-03-10 03:21:15,848,Data,Lucknow
CDR01915,SUS0070,+91-9361246928,SUS0050,+91-9960514523,2026-07-08 21:08:30,1727,SMS,Chandigarh
CDR01916,SUS0102,+91-9599561877,SUS0044,+91-9848621833,2026-05-16 09:42:15,1638,SMS,Kanpur
CDR01917,SUS0064,+91-9810303128,SUS0105,+91-9900122509,2026-07-11 19:33:45,1285,Data,Mumbai
CDR01918,SUS0141,+91-9222435172,SUS0071,+91-9587205269,2026-06-24 15:31:00,467,Voice,Ranchi
CDR01919,SUS0102,+91-9599561877,SUS0044,+91-9848621833,2026-05-28 15:22:30,1512,Voice,Nagpur
CDR01920,SUS0015,+91-9624636385,SUS0132,+91-9895609471,2026-02-10 09:58:45,491,Voice,Nagpur
CDR01921,SUS0149,+91-9877103091,SUS0062,+91-9275842194,2026-06-07 06:08:30,922,Voice,Patna
CDR01922,SUS0030,+91-9907308348,SUS0110,+91-9963919401,2026-05-14 08:50:15,1163,Voice,Delhi
CDR01923,SUS0147,+91-9190547712,SUS0039,+91-9141580226,2026-02-13 04:49:30,1411,SMS,Chandigarh
CDR01924,SUS0014,+91-9420452650,SUS0032,+91-9695499669,2026-04-17 14:45:15,115,Voice,Kanpur
CDR01925,SUS0027,+91-9670292350,SUS0116,+91-9396225446,2026-07-05 14:14:45,718,SMS,Delhi
CDR01926,SUS0064,+91-9810303128,SUS0138,+91-9896760809,2026-07-02 14:22:15,594,Data,Kanpur
CDR01927,SUS0037,+91-9701170349,SUS0047,+91-9906528433,2026-01-01 05:07:30,900,SMS,Mumbai
CDR01928,SUS0096,+91-9540211187,SUS0058,+91-9811890569,2026-01-21 15:44:15,877,SMS,Ahmedabad
CDR01929,SUS0144,+91-9955052486,SUS0126,+91-9609241268,2026-06-14 23:24:00,823,Voice,Amritsar
CDR01930,SUS0045,+91-9995205588,SUS0118,+91-9350180427,2026-04-11 14:14:15,417,Voice,Kanpur
CDR01931,SUS0054,+91-9600282414,SUS0011,+91-9197613238,2026-05-01 06:31:30,1459,Data,Jaipur
CDR01932,SUS0119,+91-9218032515,SUS0038,+91-9126614158,2026-08-11 17:33:45,1515,Voice,Surat
CDR01933,SUS0002,+91-9868820204,SUS0123,+91-9395296179,2026-02-28 00:50:45,1539,SMS,Delhi
CDR01934,SUS0008,+91-9787194506,SUS0054,+91-9600282414,2026-01-24 09:05:30,1742,Data,Ahmedabad
CDR01935,SUS0013,+91-9566825638,SUS0004,+91-9469319644,2026-02-10 02:11:00,1396,Voice,Ranchi
CDR01936,SUS0087,+91-9301415220,SUS0059,+91-9450948014,2026-01-02 02:34:15,243,Data,Mumbai
CDR01937,SUS0105,+91-9900122509,SUS0150,+91-9804433388,2026-01-23 04:26:00,836,Voice,Lucknow
CDR01938,SUS0057,+91-9829223044,SUS0066,+91-9677858758,2026-07-16 14:27:00,635,SMS,Jaipur
CDR01939,SUS0114,+91-9880179899,SUS0034,+91-9554811020,2026-03-05 15:53:30,1496,SMS,Amritsar
CDR01940,SUS0015,+91-9624636385,SUS0038,+91-9126614158,2026-05-16 10:37:15,465,Voice,Mumbai
CDR01941,SUS0103,+91-9590523712,SUS0029,+91-9319321646,2026-07-22 03:09:30,246,Voice,Chandigarh
CDR01942,SUS0009,+91-9326541099,SUS0029,+91-9319321646,2026-08-28 20:46:45,459,SMS,Kanpur
CDR01943,SUS0097,+91-9452794611,SUS0053,+91-9679984033,2026-04-01 22:59:00,1114,Data,Delhi
CDR01944,SUS0142,+91-9374843786,SUS0107,+91-9135824891,2026-01-19 23:56:30,1349,SMS,Pune
CDR01945,SUS0032,+91-9695499669,SUS0007,+91-9833953718,2026-03-07 04:57:45,1502,Voice,Bhopal
CDR01946,SUS0075,+91-9612957813,SUS0074,+91-9908304440,2026-01-21 22:58:00,925,Voice,Indore
CDR01947,SUS0062,+91-9275842194,SUS0019,+91-9860038427,2026-03-05 23:09:45,1668,SMS,Ranchi
CDR01948,SUS0058,+91-9811890569,SUS0059,+91-9450948014,2026-04-27 12:21:45,152,SMS,Delhi
CDR01949,SUS0035,+91-9559225330,SUS0136,+91-9158821683,2026-04-01 10:57:30,1673,Data,Pune
CDR01950,SUS0112,+91-9337691219,SUS0094,+91-9899621068,2026-07-23 07:04:15,703,SMS,Delhi
CDR01951,SUS0107,+91-9135824891,SUS0118,+91-9350180427,2026-06-26 16:26:00,985,SMS,Mumbai
CDR01952,SUS0003,+91-9271432881,SUS0139,+91-9534900128,2026-08-26 17:46:00,437,SMS,Kanpur
CDR01953,SUS0027,+91-9670292350,SUS0007,+91-9833953718,2026-04-26 07:02:15,1698,Voice,Indore
CDR01954,SUS0113,+91-9426808977,SUS0063,+91-9841541582,2026-06-13 22:51:00,1260,Voice,Ahmedabad
CDR01955,SUS0145,+91-9408246619,SUS0126,+91-9609241268,2026-05-21 20:47:30,761,Data,Kanpur
CDR01956,SUS0022,+91-9881913386,SUS0122,+91-9531233244,2026-02-06 20:47:30,302,SMS,Patna
CDR01957,SUS0014,+91-9420452650,SUS0122,+91-9531233244,2026-07-16 06:01:15,1714,Voice,Pune
CDR01958,SUS0007,+91-9833953718,SUS0004,+91-9469319644,2026-08-25 17:12:30,238,Voice,Mumbai
CDR01959,SUS0100,+91-9562446417,SUS0093,+91-9445505799,2026-02-14 12:31:30,977,Voice,Nagpur
CDR01960,SUS0071,+91-9587205269,SUS0004,+91-9469319644,2026-03-27 00:52:30,742,Voice,Amritsar
CDR01961,SUS0061,+91-9608482316,SUS0094,+91-9899621068,2026-01-10 23:22:30,42,SMS,Bhopal
CDR01962,SUS0012,+91-9739830322,SUS0143,+91-9706118438,2026-03-06 04:04:15,229,Voice,Kanpur
CDR01963,SUS0124,+91-9853529912,SUS0111,+91-9821920438,2026-01-19 09:21:30,490,SMS,Kanpur
CDR01964,SUS0095,+91-9235555899,SUS0074,+91-9908304440,2026-03-24 20:47:45,1576,Voice,Nagpur
CDR01965,SUS0131,+91-9393421844,SUS0022,+91-9881913386,2026-08-14 00:12:30,613,Data,Pune
CDR01966,SUS0028,+91-9711684318,SUS0078,+91-9323110563,2026-04-05 17:25:00,19,SMS,Surat
CDR01967,SUS0065,+91-9488896443,SUS0049,+91-9926830795,2026-07-08 00:13:30,767,SMS,Bhopal
CDR01968,SUS0146,+91-9969533218,SUS0149,+91-9877103091,2026-05-15 09:00:00,687,Voice,Lucknow
CDR01969,SUS0150,+91-9804433388,SUS0111,+91-9821920438,2026-07-24 01:45:15,1102,SMS,Ranchi
CDR01970,SUS0114,+91-9880179899,SUS0075,+91-9612957813,2026-05-10 22:45:00,551,Voice,Patna
CDR01971,SUS0073,+91-9115191689,SUS0112,+91-9337691219,2026-03-10 15:00:15,210,SMS,Ahmedabad
CDR01972,SUS0027,+91-9670292350,SUS0062,+91-9275842194,2026-01-25 09:28:15,674,Data,Kanpur
CDR01973,SUS0143,+91-9706118438,SUS0004,+91-9469319644,2026-05-06 19:48:30,430,Data,Chandigarh
CDR01974,SUS0008,+91-9787194506,SUS0040,+91-9399147754,2026-01-01 06:21:00,759,SMS,Amritsar
CDR01975,SUS0146,+91-9969533218,SUS0085,+91-9212313264,2026-06-26 17:59:00,476,SMS,Nagpur
CDR01976,SUS0088,+91-9570423569,SUS0105,+91-9900122509,2026-07-01 21:31:45,1214,SMS,Chandigarh
CDR01977,SUS0106,+91-9874090950,SUS0142,+91-9374843786,2026-01-15 19:51:00,1388,SMS,Pune
CDR01978,SUS0013,+91-9566825638,SUS0096,+91-9540211187,2026-08-24 14:18:15,611,Voice,Patna
CDR01979,SUS0096,+91-9540211187,SUS0019,+91-9860038427,2026-05-17 00:04:45,521,Voice,Mumbai
CDR01980,SUS0027,+91-9670292350,SUS0004,+91-9469319644,2026-03-11 11:12:45,1553,Voice,Bhopal
CDR01981,SUS0078,+91-9323110563,SUS0141,+91-9222435172,2026-08-02 03:11:45,1676,SMS,Surat
CDR01982,SUS0002,+91-9868820204,SUS0123,+91-9395296179,2026-03-19 13:20:45,820,SMS,Ahmedabad
CDR01983,SUS0127,+91-9729712082,SUS0090,+91-9618079974,2026-06-19 12:53:15,198,Voice,Ranchi
CDR01984,SUS0082,+91-9851333320,SUS0032,+91-9695499669,2026-08-03 04:46:30,1133,SMS,Indore
CDR01985,SUS0041,+91-9223847257,SUS0148,+91-9403754671,2026-05-13 03:21:00,287,Voice,Amritsar
CDR01986,SUS0015,+91-9624636385,SUS0014,+91-9420452650,2026-05-22 15:29:45,1071,Data,Indore
CDR01987,SUS0094,+91-9899621068,SUS0008,+91-9787194506,2026-06-26 04:26:00,596,Data,Amritsar
CDR01988,SUS0053,+91-9679984033,SUS0082,+91-9851333320,2026-02-24 08:55:30,220,Voice,Pune
CDR01989,SUS0145,+91-9408246619,SUS0114,+91-9880179899,2026-02-09 18:14:30,363,Voice,Chandigarh
CDR01990,SUS0123,+91-9395296179,SUS0060,+91-9475767056,2026-05-02 18:16:15,1114,Voice,Pune
CDR01991,SUS0057,+91-9829223044,SUS0138,+91-9896760809,2026-05-16 23:04:45,640,SMS,Jaipur
CDR01992,SUS0038,+91-9126614158,SUS0015,+91-9624636385,2026-08-13 20:55:30,1218,SMS,Jaipur
CDR01993,SUS0018,+91-9584779555,SUS0110,+91-9963919401,2026-02-07 06:35:30,1505,SMS,Ranchi
CDR01994,SUS0096,+91-9540211187,SUS0059,+91-9450948014,2026-07-17 03:42:15,820,Voice,Patna
CDR01995,SUS0076,+91-9704344408,SUS0106,+91-9874090950,2026-05-13 23:14:30,538,SMS,Amritsar
CDR01996,SUS0090,+91-9618079974,SUS0078,+91-9323110563,2026-04-18 03:58:15,700,SMS,Ranchi
CDR01997,SUS0100,+91-9562446417,SUS0027,+91-9670292350,2026-04-06 08:43:30,951,Voice,Surat
CDR01998,SUS0075,+91-9612957813,SUS0068,+91-9480990401,2026-03-24 16:59:30,1530,Voice,Amritsar
CDR01999,SUS0066,+91-9677858758,SUS0043,+91-9175133802,2026-02-26 16:40:15,239,Voice,Ahmedabad
CDR02000,SUS0137,+91-9288650860,SUS0083,+91-9748232591,2026-02-04 09:58:45,1526,SMS,Chandigarh
